ID,Source,Date Published,Pages,Title,Inventer,Filing Date,Applicant Name,Patent Number,Relevency
1,US-PGPUB,2024-10-10,38,UTILIZING REGULARIZED FORWARD DIFFUSION FOR IMPROVED INVERSION OF DIGITAL IMAGES,Li; Yijun et al.,2023-03-03,Adobe Inc.,20240338799,3.9139316
2,US-PGPUB,2024-10-10,64,ASSET PORTFOLIO FOR ADAPTIVE POWER GRID MANAGEMENT,Sharif-Askary; Jamshid,2023-04-06,GE INFRASTRUCTURE TECHNOLOGY LLC,20240338781,3.4200933
3,US-PGPUB,2024-10-10,20,TEXT AND IMAGE GENERATION FOR CREATION OF IMAGERY FROM AUDIBLE INPUT,TRZYNA; Alexander Ian Pfister,2023-04-05,"Microsoft Technology Licensing, LLC",20240338860,3.454166
4,US-PGPUB,2024-10-10,19,MACHINE LEARNING BASED DEFECT EXAMINATION FOR SEMICONDUCTOR SPECIMENS,OFIR; Yehonatan Hai et al.,2023-04-04,Applied Materials Israel Ltd.,20240338811,4.4205723
5,US-PGPUB,2024-10-10,11,ELECTRICAL SUBMERSIBLE PUMP Y-TOOL WITH PERMANENT COILED TUBING PLUG AND MILLABLE BALL VALVE,ALNAFEA; Abdulkareem K. et al.,2023-04-05,SAUDI ARABIAN OIL COMPANY,20240337175,3.9288812
6,US-PGPUB,2024-10-10,40,GUARD PERIODS OR GAPS BETWEEN SYMBOLS OR SLOTS OR WITHIN A SLOT,ZHANG; Qian et al.,2023-04-05,QUALCOMM Incorporated,20240340205,3.5765898
7,US-PGPUB,2024-10-10,16,SYSTEMS AND METHODS FOR CONTRASTING GRAPH DATA STRUCTURES,SHARPE; Samuel et al.,2023-04-06,"Capital One Services, LLC",20240338630,4.517361
8,US-PGPUB,2024-10-10,30,MACHINE LEARNING SYSTEM FOR AUTOMATED DETECTION OF SUSPICIOUS DIGITAL IDENTIFIERS,Radon; Aungon Nag et al.,2023-04-04,"Lookout, Inc.",20240340312,5.13618
9,US-PGPUB,2024-10-10,50,EFFICIENT CODEBOOK-BASED INTERFERENCE PREDICTION REPORTING,MARZBAN; Mohamed Fouad Ahmed et al.,2023-04-04,QUALCOMM Incorporated,20240340125,2.2130291
10,US-PGPUB,2024-10-10,40,Surgical Simulator Systems and Methods,Ueltschi; Albert Lee et al.,2023-04-04,"Help Me See, Inc.",20240339043,3.1872573
11,US-PGPUB,2024-10-10,34,OPTICAL CHARACTER RECOGNITION FOR AUGMENTED IMAGES,Dela Rosa; Kevin Sarabia et al.,2023-04-06,Snap Inc.,20240338900,5.594781
12,US-PGPUB,2024-10-10,37,SIDELINK RETRANSMISSION OF MESSAGES,ZORGUI; Marwen et al.,2023-04-06,QUALCOMM Incorporated,20240340108,4.272005
13,US-PGPUB,2024-10-10,21,APPLYING DIFFUSION MODELS IN ADVERSARIAL PURIFICATION AND ADVERSARIAL SAMPLE GENERATION IN CYBERSECURITY,Popa; Cristian Viorel et al.,2023-04-07,"CrowdStrike, Inc.",20240338445,3.5986195
14,US-PGPUB,2024-10-10,19,UNBIASED MACHINE LEARNING AND OFF-POLICY EVALUATION IN THE PRESENCE OF BIASED FEEDBACK,Arnold; Matthew Richard et al.,2023-04-05,International Business Machines Corporation,20240338591,5.7229595
15,US-PGPUB,2024-10-10,20,Holographic and Physical Mixed-Reality Casino Accommodation System and Method,Kim; Heekwan,2023-04-08,"DoubleMe, Inc.",20240338993,6.0029774
16,US-PGPUB,2024-10-10,39,DISPLACEMENT POSITIONING SIGNALING AND REPORTING,HIRZALLAH; Mohammed Ali Mohammed et al.,2023-04-04,QUALCOMM Incorporated,20240337720,4.229308
17,US-PGPUB,2024-10-10,14,SYSTEMS AND METHODS FOR EMULATING AND TESTING DATA FLOWS IN DISTRIBUTED COMPUTING SYSTEMS,Liu; Winston Wencheng et al.,2023-04-05,"Keysight Technologies, Inc.,Keysight Technologies RO SRL",20240338307,5.4742203
18,US-PGPUB,2024-10-10,20,COMPUTERIZED SYSTEMS AND METHODS FOR DYNAMIC AUTOMATION OF SECURITY FEATURES FOR A LOCATION,SAMARDZIJA; Miro et al.,2023-04-05,"PLUME DESIGN, INC.",20240338987,3.3142037
19,US-PGPUB,2024-10-10,26,DISCOVERING AND APPLYING DESCRIPTIVE LABELS TO UNSTRUCTURED DATA,PAULI; Wolfgang Martin et al.,2023-04-05,"Microsoft Technology Licensing, LLC",20240338532,4.93323
20,US-PGPUB,2024-10-10,35,SELF-HEALING NETWORK SLICES USING INTEGRATED MOBILE EDGE COMPUTING AND MULTI CONNECTIVITY,Rahman; Moshiur et al.,2023-04-04,"AT&amp;T Intellectual Property I, L.P.",20240340708,5.5787935
21,US-PGPUB,2024-10-10,23,INTEGRATING DATA FROM MULTIPLE UNRELATED DATA STRUCTURES,NOWAK; Matthew et al.,2023-04-10,"Capital One Services, LLC",20240338715,4.862218
22,US-PGPUB,2024-10-10,42,SYSTEM ARCHITECTURE FOR DIRECT NTN COMMUNICATION WITHOUT A FEEDER LINK,JI; Lianghai et al.,2023-04-04,QUALCOMM Incorporated,20240340980,3.7330537
23,US-PGPUB,2024-10-10,18,STRUCTURAL TREND PREDICTOR FOR 2D CROSS SECTIONS,Stewart; Simon A.,2023-04-05,Saudi Arabian Oil Company,20240337766,3.5082245
24,US-PGPUB,2024-10-10,15,COMBINED EYE AND ENVIRONMENT SENSING FOR A HEAD-MOUNTED DEVICE,An; Yatong et al.,2023-04-06,"Meta Platforms Technologies, LLC",20240337840,6.274919
25,US-PGPUB,2024-10-10,25,METHODS AND SYSTEMS FOR DISPLAYING QUALITY PROFILES POINTS IN AN ELECTRO-ANATOMICAL MAP,Novogrodsky; Ben Ami,2023-03-31,Biosense Webster (Israel) Ltd.,20240335169,3.310631
26,US-PGPUB,2024-10-10,18,System and Method for Mapping an Anatomical Pathway,Sowards; Steffan et al.,2023-04-10,"Bard Access Systems, Inc.",20240335237,5.4658523
27,US-PGPUB,2024-10-10,30,AUTOMATED FLEET-CONNECTED CHARGING SYSTEM,Ferguson; Kenneth et al.,2023-04-06,GM Cruise Holdings LLC,20240336156,3.0512855
28,US-PGPUB,2024-10-10,48,COLLECTING DATA FOR TRAINING A WIRELESS DEVICE POSITIONING MODEL,HIRZALLAH; Mohammed Ali Mohammed et al.,2023-04-04,QUALCOMM Incorporated,20240340136,4.3293757
29,US-PGPUB,2024-10-10,40,STARTING PORT FOR ANTENNA SUBARRAY,LUO; Jianghong et al.,2023-04-06,QUALCOMM Incorporated,20240340048,3.7264488
30,US-PGPUB,2024-10-10,12,PARALLEL COMPUTATION ON INPUT VECTORS BY ORTHOGONAL REPRESENTATION,Cohen; Guy M. et al.,2023-04-06,International Business Machines Corporation,20240338214,5.4278145
31,US-PGPUB,2024-10-10,47,ARTIFICIAL INTELLIGENCE MODEL DELIVERY VIA RADIO CONTROL PLANE,Esswie; Ali,2023-04-06,"Dell Products, L.P.",20240340129,6.4551773
32,US-PGPUB,2024-10-10,20,ELECTROSTATIC DISCHARGE (ESD) HARVEST FOR WEARABLE DEVICES,PICHUMANI; Pradip Sairam et al.,2023-04-04,"Meta Platforms Technologies, LLC",20240339942,5.943272
33,US-PGPUB,2024-10-10,12,TESTING MEMBERSHIP IN DISTRIBUTIONAL SIMPLEX,Sarpatwar; Kanthi et al.,2023-03-28,INTERNATIONAL BUSINESS MACHINES CORPORATION,20240338595,3.898472
34,US-PGPUB,2024-10-10,17,FRAMEWORK FOR CENTRALIZED MONITORING THE HEALTH OF REMOTE PACKET DATA NODES OF ROAMING PEERING PARTNERS OVER PUBLIC CLOUD,"Weber, JR.; Kenneth William et al.",2023-04-10,DISH WIRELESS L.L.C.,20240340230,4.1132636
35,US-PGPUB,2024-10-10,20,WEB CONFERENCING EXIT AND POST-EXIT CONTENT GENERATION,SRINIVASARAGHAVAN; Ramesh et al.,2023-04-05,ADOBE INC.,20240340321,3.4439409
36,US-PGPUB,2024-10-10,20,METHOD AND SYSTEM FOR FACILITATING PERMISSION MANAGMENT,GEROVICH; Pavel et al.,2023-04-10,"JPMorgan Chase Bank, N.A.",20240340316,3.310575
37,US-PGPUB,2024-10-10,41,DATA COLLECTION AND TRAINING FOR A NETWORK POSITIONING MODEL,HIRZALLAH; Mohammed Ali Mohammed et al.,2023-04-04,QUALCOMM Incorporated,20240337721,4.423788
38,US-PGPUB,2024-10-10,31,RANDOM ACCESS CHANNEL COLLISION DURING TIMING ADJUSTMENT ACQUISITION FOR LAYER 1 OR LAYER 2 TRIGGERED MOBILITY,AKL; Naeem et al.,2023-04-07,QUALCOMM Incorporated,20240340961,3.9849987
39,US-PGPUB,2024-10-10,63,SCOUT COMMAND FOR ADAPTIVE POWER GRID MANAGEMENT,Sharif-Askary; Jamshid,2023-04-06,GE INFRASTRUCTURE TECHNLOLOGY LLC,20240339835,3.595828
40,US-PGPUB,2024-10-10,25,Autonomous Operation of User Equipment With Artificial Intelligence/Machine Learning Model Capability,Shrivastava; Rudraksh,2023-04-06,SHARP Kabushiki Kaisha,20240340634,6.3905544
41,US-PGPUB,2024-10-10,12,TELEVISION FOOD DETECTION,DeMerchant; Marvin et al.,2023-04-04,Sony Group Corporation,20240340504,5.9051094
42,US-PGPUB,2024-10-10,20,PACKAGING SYSTEMS AND METHODS FOR SEMICONDUCTOR DEVICES,Zhao; Sam Ziqun et al.,2023-04-06,Avago Technologies International Sales Pte. Limited,20240339429,3.4607985
43,US-PGPUB,2024-10-10,31,INTERFERENCE MITIGATION FOR A USER EQUIPMENT,ZHANG; Qian et al.,2023-04-06,QUALCOMM Incorporated,20240340941,3.918306
44,US-PGPUB,2024-10-10,18,SYSTEMS AND METHODS FOR ESTABLISHING LOCAL AREA NETWORK LINKS FOR DEVICES BASED ON QUALITY OF SERVICE,ABABRI; Zainab et al.,2023-04-06,Verizon Patent and Licensing Inc.,20240340243,3.6923063
45,US-PGPUB,2024-10-10,63,DATA MANAGEMENT FOR ADAPTIVE POWER GRID MANAGEMENT,Sharif-Askary; Jamshid,2023-04-06,GE INFRASTRUCTURE TECHNOLOGY LLC,20240337999,3.5775347
46,US-PGPUB,2024-10-10,64,LOGISTICIAN MODULE FOR ADAPTIVE POWER GRID MANAGEMENT,Sharif-Askary; Jamshid,2023-04-06,GE INFRASTRUCTURE TECHNOLOGY LLC,20240337997,3.4360833
47,US-PGPUB,2024-10-10,18,SOFTWARE DEPENDENCY MANAGEMENT AND TESTING SYSTEM,Bendert; David P. et al.,2023-04-04,"Bendert; David P.,Frye; Jason Franklin,Fuchs; Maximilian,Giannoulis; Jennifer Marie,Punniyamoorthy; Magesh,Spain; Matthew O.",20240338310,3.4430978
48,US-PGPUB,2024-10-10,26,APPARATUS AND METHOD FOR VIRTUAL EVENT ELEMENT GENERATION BASED ON AN ACTUAL ACTION OF AN ENTITY,Donnell; Scott et al.,2023-04-06,"Gravystack, Inc.",20240338891,4.48381
49,US-PGPUB,2024-10-10,49,"MOUNTING SYSTEM, AND METHODS THEREOF",BATHON; Michael et al.,2023-04-06,Ferroelectric Memory GmbH,20240337681,4.010332
50,US-PGPUB,2024-10-10,20,USING A NATIVE LOGIN SCREEN TO LOG IN TO AN ALTERNATE SYSTEM,BRINKHOFF; Christiaan et al.,2023-04-05,"Microsoft Technology Licensing, LLC",20240340280,5.0796785
51,US-PGPUB,2024-10-10,23,"SYSTEMS, METHODS, AND APPARATUSES FOR GENERATING A DIGITAL TWIN OF A RESOURCE USING PARTIAL SENSOR DATA AND ARTIFICIAL INTELLIGENCE",Yarabolu; Vijay Kumar et al.,2023-04-06,BANK OF AMERICA CORPORATION,20240338592,6.4569597
52,US-PGPUB,2024-10-10,32,METHODS OF QUALITY CONTROL FOR SOFTWARE-PROCESSED ECHOCARDIOGRAM,LAI; YUEH-CHUN et al.,2023-04-06,"Alpha Intelligence Manifolds, Inc.",20240338814,3.7020226
53,US-PGPUB,2024-10-10,17,WELLBORE DEVICE FUNCTION CONFIRMATION,YOHANAN; Tom et al.,2023-04-07,"Halliburton Energy Services, Inc.",20240339949,6.0669103
54,US-PGPUB,2024-10-10,18,SYSTEMS AND METHODS FOR GENERATING SYNTHETIC INFORMATION FOR APPLICATION PROGRAMMING INTERFACES USING ARTIFICIAL INTELLIGENCE,CURLEY; Kathryn,2023-04-06,"Capital One Services, LLC",20240338264,6.5056233
55,US-PGPUB,2024-10-10,24,RELIABLE AND INTERPRETABLE DRIFT DETECTION IN STREAMS OF SHORT TEXTS,Rabinovich; Ella et al.,2023-04-05,International Business Machines Corporation,20240339112,4.195982
56,US-PGPUB,2024-10-10,20,SYSTEM AND METHOD FOR DYNAMIC AUTOMATED WORK ASSIGNMENT,ALFONSO; Jonathan et al.,2023-04-04,"JPMorgan Chase Bank, N.A.",20240338624,5.378108
57,US-PGPUB,2024-10-10,11,Petunia-Calibrachoa Variety SAKPXC035,Tsukahara; Jun,2023-04-06,Sakata Seed Corporation,20240334893,3.6679657
58,US-PGPUB,2024-10-10,17,PET LAVATORY,White; Teresa Lynn,2023-04-05,White; Teresa Lynn,20240334896,4.9771295
59,US-PGPUB,2024-10-10,14,NETWORK OPERATOR CONTROLLED POWER UPDATE FOR PHYSICAL RESOURCE BLOCKS,Patel; Nishant et al.,2023-04-04,T-MOBILE INNOVATIONS LLC,20240340805,3.8203905
60,US-PGPUB,2024-10-10,16,DOMAIN ADAPTION FOR PROSTATE CANCER DETECTION,Kamen; Ali et al.,2023-04-06,Siemens Healthcare GmbH,20240338813,6.098396
61,US-PGPUB,2024-10-10,29,SYSTEMS AND METHODS FOR IMPROVING VULNERABILITY MANAGEMENT,"MADISON, JR.; Thaddeus et al.",2023-04-05,"Capital One Services, LLC",20240338455,6.16039
62,US-PGPUB,2024-10-10,24,Event-Based Analytics Tool for Networks,Singh; Dhruva et al.,2023-04-04,"AT&amp;T Intellectual Property I, L.P.",20240340216,2.986403
63,US-PGPUB,2024-10-10,29,Method and System of Improving Communication Skills for High Client Conversation Rate,Kobierski; David,2023-04-06,Kobierski; David,20240338525,4.0113935
64,US-PGPUB,2024-10-10,23,Voice Avatars in Extended Reality Environments,Astinov; Lyubomir et al.,2023-04-04,"Meta Platforms Technologies, LLC",20240339121,6.051241
65,US-PGPUB,2024-10-10,17,SOFTWARE COMPONENT DEPENDENCY TRACKER,Bendert; David P. et al.,2023-04-04,"Wells Fargo Bank, N.A.",20240338184,3.5813837
66,US-PGPUB,2024-10-10,29,SYSTEMS AND METHODS FOR A NET WORTH ALGORITHM FOR VULNERABILITIES,"MADISON, JR.; Thaddeus et al.",2023-04-05,"Capital One Services, LLC",20240338456,6.131775
67,US-PGPUB,2024-10-10,17,PUBLIC IP USAGE OPTIMIZATION,Patel; Prakash et al.,2023-04-04,DISH WIRELESS L.L.C.,20240340758,4.0961313
68,US-PGPUB,2024-10-10,26,System and Method for Fewer or No Non-Participant Framing and Tracking,Bhatt; Rajen B. et al.,2023-04-05,"Hewlett-Packard Development Company, L.P.",20240338924,4.9632044
69,US-PGPUB,2024-10-10,13,SYSTEM FOR AUTOMATICALLY GENERATING MERCHANDISE LISTINGS FROM SINGLE USER TEXT INPUT,Gibson; Brianna Nicole,2023-04-04,Gibson; Brianna Nicole,20240338753,6.045708
70,US-PGPUB,2024-10-10,56,AUTOMATIC DETECTION OF DISPLAY LAYOUT,CAMACHO PEREZ; Jose Rodrigo et al.,2023-04-06,Intel Corporation,20240338161,3.5775347
71,US-PGPUB,2024-10-10,23,AI DRIVEN IMPACT ESTIMATION OF NEW PRODUCT FEATURES,Chintakunta; Mouleswara Reddy et al.,2023-04-07,"KYNDRYL, INC.",20240338631,5.053158
72,US-PGPUB,2024-10-10,24,APPARATUSES AND METHODS FOR FACILITATING SPATIAL-TEMPORAL SIGNAL ADAPTATIONS IN COMMUNICATIONS BASED ON MODELING,Kounev; Velin et al.,2023-04-05,"AT&amp;T Intellectual Property I, L.P.",20240337750,4.8809576
73,US-PGPUB,2024-10-10,22,ENHANCED ELECTRICITY LIMITATION ENFORCEMENT DURING APPLICATION RUNTIME,FRANCIS; Robert Binneweg et al.,2023-04-06,"MICROSOFT TECHNOLOGY LICENSING, LLC",20240338067,3.3007133
74,US-PGPUB,2024-10-10,25,SYSTEM AND METHOD TO GENERATE SCHEDULE FOR PRODUCT RELEASE,Melanson; Mark R. et al.,2023-04-07,"Melanson; Mark R.,Bartos; Despina,Zhitomirsky; Inna M.,Mickey; Alan S.,Marques; Luis Sergio",20240338625,3.602159
75,US-PGPUB,2024-10-10,11,ACTIVITY REMINDERS,DeMerchant; Marvin,2023-04-04,Sony Group Corporation,20240340500,5.7631106
76,US-PGPUB,2024-10-10,14,SYSTEMS AND METHODS FOR ADJUSTING FRAME RATE OF GRAPHICS INTENSIVE APPLICATIONS BASED ON PRIORITY TO IMPROVE INFORMATION HANDLING SYSTEM PERFORMANCE,Singh; Jasleen et al.,2023-04-04,DELL PRODUCTS L.P.,20240338787,3.5900087
77,US-PGPUB,2024-10-10,34,TECHNIQUES FOR TRANSITIONING RADIO RESOURCE CONTROL STATE OF A REPEATER,AKL; Naeem et al.,2023-04-05,QUALCOMM Incorporated,20240340994,2.6263862
78,US-PGPUB,2024-10-10,13,COMPUTERIZED SYSTEMS AND METHODS FOR LOCATION-BASED CONTENT FILTERING AND DELIVERY,WU; Xue et al.,2023-04-07,YAHOO ASSETS LLC,20240338744,4.8487296
79,US-PGPUB,2024-10-10,16,MAGNESIUM SULFATE AND FORSKOLIN FOR TREATMENT OF SEXUAL DISORDERS AND BENIGN PROSTATIC HYPERPLASIA,Omoigui; Sota Osemwota,2023-04-06,"State-of-the-Art Technologies, Inc.",20240335371,3.0835872
80,US-PGPUB,2024-10-10,18,SYSTEMS AND METHODS FOR FACILITATING INTENT LABELING FOR MACHINE LEARNING MODEL TRAINING,WOLFE; Nathan et al.,2023-04-06,"Capital One Services, LLC",20240338528,3.4473934
81,US-PGPUB,2024-10-10,24,DIGITAL CONTENT MANAGEMENT IN VIRTUAL ENVIRONMENTS,NG; Spencer William et al.,2023-04-04,Roblox Corporation,20240338408,4.0744286
82,US-PGPUB,2024-10-10,23,Cloud-Delivered Hooks and Hooking Policies,"Foster, JR.; Blair C. et al.",2023-04-04,"CrowdStrike, Inc.",20240338228,3.6662319
83,US-PGPUB,2024-10-10,29,PERFORMING AUTOMATED TICKET CLASSIFICATION,Liu; Chunming et al.,2023-04-10,Oracle International Corporation,20240338594,2.7727363
84,US-PGPUB,2024-10-10,19,System and Method for Supporting RDF/OWL Forward Chaining and Hidden Facts Prediction in Property Graph,Neelam; Sumit et al.,2023-04-05,INTERNATIONAL BUSINESS MACHINES CORPORATION,20240338581,3.633321
85,US-PGPUB,2024-10-10,37,STATIC UNIFORMITY CORRECTION FOR A SCANNING PROJECTOR PERFORMING CONSECUTIVE NON-LINEAR SCAN WITH MULTI-RIDGE LIGHT SOURCES,Greif; Daniel Guenther et al.,2023-04-04,"Meta Platforms Technologies, LLC",20240337832,5.8453383
86,US-PGPUB,2024-10-10,33,PLATFORM-AGNOSTIC COMPUTE INSTANCE LAUNCHES,Herman; Jonathan Luke et al.,2023-04-07,Oracle International Corporation,20240340336,5.2665424
87,US-PGPUB,2024-10-10,21,INFERRING QOE DEGRADATION FROM IMPLICIT SIGNALS IN USER BEHAVIOR,MERMOUD; Gr?gory et al.,2023-04-05,"Cisco Technology, Inc.",20240340228,4.631881
88,US-PGPUB,2024-10-10,31,SOFTWARE PARAMETER MANAGEMENT THROUGH A UNIVERSAL INTERFACE,MATSUSHITA; Nozomu et al.,2023-04-07,"Taiwan Semiconductor Manufacturing Company, Ltd.",20240338115,3.1708274
89,US-PGPUB,2024-10-10,20,MACHINE LEARNING SYSTEMS AND METHODS FOR AUTOMATED GENERATION OF TECHNICAL REQUIREMENTS DOCUMENTS,Balasubramanian; Ashok et al.,2023-04-06,Open Weaver Inc.,20240338659,5.7447248
90,US-PGPUB,2024-10-10,29,SYSTEMS AND METHODS FOR CLASSIFYING WAVEFORM DATA USING AN AI MODEL,Pardasani; Rohit et al.,2023-04-04,GE Precision Healthcare LLC,20240335171,5.550851
91,US-PGPUB,2024-10-10,12,CONTAINER LIFTING DEVICES AND METHODS FOR LIFTING CONTAINERS,Kaul; Lukas Sebastian,2023-04-04,"Toyota Research Institute, Inc.",20240336464,4.1143746
92,US-PGPUB,2024-10-10,25,FOURIER TRANSFORM PROFILOMETRY WITH A DUAL READOUT SENSOR,CHEN; Song et al.,2023-04-04,"Meta Platforms Technologies, LLC",20240340404,5.833989
93,US-PGPUB,2024-10-10,11,SYSTEM AND METHOD FOR ASSESSING WORKER JOB PERFORMANCE FITNESS,AL ZAHRANI; Turki G. et al.,2023-04-10,SAUDI ARABIAN OIL COMPANY,20240338639,5.0457525
94,US-PGPUB,2024-10-10,20,SYSTEM AND METHOD FOR RESOURCE AND COST SHARING AMONG MOBILE SERVICE PROVIDERS SUPPORTING METAVERSE SERVICES,Lee; Bo et al.,2023-04-07,"AT&amp;T Intellectual Property I, L.P.",20240340378,4.5582128
95,US-PGPUB,2024-10-10,14,DIVERSITY GAIN FOR SPACE MOBILE SYSTEMS,OZOZLU; Akin et al.,2023-04-04,T-MOBILE INNOVATIONS LLC,20240340081,3.7450435
96,US-PGPUB,2024-10-10,10,AUTOMATIC REMOTE IGNITION BLOCK IN HIGH CRIME ZONE,Fawaz; Ali H. et al.,2023-04-06,GM GLOBAL TECHNOLOGY OPERATIONS LLC,20240336223,4.130093
97,US-PGPUB,2024-10-10,9,TELEVISION SURROUND LIGHTING,DeMerchant; Marvin et al.,2023-04-05,Sony Group Corporation,20240339057,5.7331634
98,US-PGPUB,2024-10-10,20,COMPUTERIZED SYSTEMS AND METHODS FOR AN ENERGY AWARE ADAPTIVE NETWORK,SAMPATHKUMAR; Badri Srinivasan,2023-04-04,"PLUME DESIGN, INC.",20240340787,3.438965
99,US-PGPUB,2024-10-10,13,SYSTEMS AND METHODS FOR CALIBRATING A HEADPHONE FIXTURE,OLIVE; Sean Edward,2023-04-04,"Harman International Industries, Incorporated",20240340602,5.737498
100,US-PGPUB,2024-10-10,42,SECURED TRANSFER INSTRUMENTS,Pedone; Jason et al.,2023-04-06,Truist Bank,20240338935,6.0585876
101,US-PGPUB,2024-10-10,36,METHODS FOR EXTRACTING LITHIUM FROM BRINES,LU; Peng et al.,2023-04-04,SAUDI ARABIAN OIL COMPANY,20240336491,4.501665
102,US-PGPUB,2024-10-10,25,TRANSLATION WITH AUDIO SPATIALIZATION,Westland; Joy et al.,2023-04-10,"Meta Platforms Technologies, LLC",20240340604,6.0333548
103,US-PGPUB,2024-10-10,35,CUSTOMIZED RECOMMENDATION GENERATION USING ENTERPRISE DATA ANALYSIS AND INFERENCE,FOSSE; Eivind Berg et al.,2023-04-10,"Microsoft Technology Licensing, LLC",20240338413,5.620299
104,US-PGPUB,2024-10-10,49,IMAGE-BASED DETECTION USING DISTANCE DATA,Tolley; Donald et al.,2023-04-07,"Comcast Cable Communications, LLC",20240338839,2.4653814
105,US-PGPUB,2024-10-10,15,SYSTEMS AND METHODS FOR CONTROLLING A RADIO-CONTROLLED TWO-WHEELED VEHICLE,Adams; John et al.,2023-04-10,"HORIZON HOBBY, LLC",20240335758,3.7523332
106,US-PGPUB,2024-10-10,17,SYSTEM FOR COMPONENT-LEVEL EXPOSURE ASSESSMENT IN A COMPUTING ENVIRONMENT,Philips; Darren Roy,2023-04-06,BANK OF AMERICA CORPORATION,20240340300,3.5884368
107,US-PGPUB,2024-10-10,40,SENSOR READING CORRECTION,Gouge; Brian Devin et al.,2023-04-07,Aquatic Informatics ULC,20240337486,2.310901
108,US-PGPUB,2024-10-10,41,SENSOR READING CORRECTION,Gouge; Brian Devin et al.,2023-04-07,Aquatic Informatics ULC,20240337487,2.3271985
109,US-PGPUB,2024-10-10,22,"METHOD, APPARATUS, SYSTEM, AND NON-TRANSITORY COMPUTER READABLE MEDIUM FOR PRESERVING TRADING TIME SERIES",AHLSTROM; Logan et al.,2023-04-10,"Charles Schwab &amp; Co., Inc",20240338703,6.2412987
110,US-PGPUB,2024-10-10,28,AUTOMATED FLEET-CONNECTED CLEANING AND INSPECTION SYSTEM,Ferguson; Kenneth et al.,2023-04-06,GM Cruise Holdings LLC,20240336234,2.9641507
111,US-PGPUB,2024-10-10,15,Lighting Control Assembly,Harris; John,2023-04-06,Harris; John,20240341024,6.581452
112,US-PGPUB,2024-10-10,55,ENHANCED DOPPLER DIVISION MULTIPLEXING (DDM) MULTIPLE-INPUT AND MULTIPLE-OUTPUT (MIMO) SENSING BASED ON DOPPLER SPECTRUM PUNCTURING,DUAN; Weimin et al.,2023-04-07,QUALCOMM Incorporated,20240337744,2.2130291
113,US-PGPUB,2024-10-10,50,ENHANCEMENTS TO V2X MESSAGING TO IMPROVE MISBEHAVIOR DETECTION PERFORMANCE,NARULA; Mohit et al.,2023-04-07,QUALCOMM Incorporated,20240340665,3.5776405
114,US-PGPUB,2024-10-10,46,ARTIFICIAL INTELLIGENCE MODEL DELIVERY VIA RADIO CONTROL PLANE,Esswie; Ali,2023-04-06,"Dell Products, L.P.",20240340913,6.4536448
115,US-PGPUB,2024-10-10,15,EMERGENCY RESPONSE LOCATION DETECTION,McSchooler; Jeffrey,2023-04-10,DISH WIRELESS L.L.C.,20240337485,4.1143746
116,US-PGPUB,2024-10-10,22,"SYSTEMS, APPARATUS, AND METHODS FOR MONITORING PLATE TEMPERATURE FOR SEMICONDUCTOR MANUFACTURING",CONG; Zhepeng et al.,2023-04-10,"Applied Materials, Inc.",20240337537,6.0316625
117,US-PGPUB,2024-10-10,16,NETWORK AWARE OPTIMAL ROUTE SELECTION FOR AUTONOMOUS APPLICATIONS,WAJE; Sanjay Baburao et al.,2023-04-04,T-MOBILE INNOVATIONS LLC,20240340761,4.7535615
118,US-PGPUB,2024-10-10,40,SENSOR READING CORRECTION,Gouge; Brian Devin et al.,2023-04-07,Aquatic Informatics ULC,20240337506,2.3654907
119,US-PGPUB,2024-10-10,22,WEARABLE ULTRASOUND,Aliakbari; Saeed et al.,2023-04-10,"FUJIFILM SONOSITE, INC.",20240335215,3.505097
120,US-PGPUB,2024-10-10,14,HOLLOW ELECTRICAL SUBMERSIBLE PUMP FOR UNLIMITED WELLBORE INTERVENTION,MALKI; Bandar S. et al.,2023-04-10,SAUDI ARABIAN OIL COMPANY,20240337176,3.9430845
121,US-PGPUB,2024-10-10,38,ARTIFICIAL INTELLIGENCE MODEL DELIVERY VIA RADIO DATA PLANE,Esswie; Ali,2023-04-06,"Dell Products, L.P.",20240340659,6.5043035
122,US-PGPUB,2024-10-10,13,ARTIFACT SEGMENTATION AND/OR UNIFORMITY ASSESSMENT OF A GAMMA CAMERA,Daga; Saurav et al.,2023-04-07,Siemens Medical Solutions,20240338815,3.8951457
123,US-PGPUB,2024-10-10,27,ANTENNA ACTIVATION FOR SPECTRUM ACCESS CONTROL,Soryal; Joseph,2023-04-10,"AT&amp;T Intellectual Property I, L.P.",20240340647,4.2863097
124,US-PGPUB,2024-10-10,61,Configurable Automated Redaction Of Log Data,SEIPP; KYLE et al.,2023-04-07,"PURE STORAGE, INC.",20240338476,4.5866632
125,US-PGPUB,2024-10-10,64,OPERATION LOOP FORMATION FOR ADAPTIVE POWER GRID MANAGEMENT,Sharif-Askary; Jamshid,2023-04-06,GE INFRASTRUCTURE TECHNOLOGY LLC,20240337998,3.5707045
126,US-PGPUB,2024-10-10,14,METHODS AND SYSTEMS FOR DETECTING GUNPOWDER,Wijeratne; Gupta G. K.,2023-04-07,"Toyota Motor North America, Inc.",20240337769,3.8422682
127,US-PGPUB,2024-10-10,29,MOBILITY MANAGEMENT FOR HANDOVERS BETWEEN A TERRESTRIAL NETWORK AND A NON-TERRESTRIAL NETWORK,WU; Shuanshuan et al.,2023-04-06,QUALCOMM Incorporated,20240340748,3.8664212
128,US-PGPUB,2024-10-10,25,MULTILINGUAL TEXT-TO-IMAGE GENERATION,Marri; Venkata Naveen Kumar Yadav et al.,2023-04-05,ADOBE INC.,20240338859,4.4107466
129,US-PGPUB,2024-10-10,36,PROACTIVE ADJUSTMENT OF RESOURCE ALLOCATION TO INFORMATION TECHNOLOGY ASSETS BASED ON PREDICTED RESOURCE UTILIZATION,Muttikal Thomas; Naveen Silvester et al.,2023-04-06,Dell Products L.P.,20240338254,4.4093275
130,US-PGPUB,2024-10-10,17,GENERATING ALLOGENIC ENDOTHELIAL CELL-SEEDED VASCULAR GRAFTS AND METHODS OF USE THEREOF,THOMSON; James et al.,2023-04-07,Wisconsin Alumni Research  Foundation,20240335593,4.4015837
131,US-PGPUB,2024-10-10,26,METHODS AND APPARATUS FOR BLUEPRINT EXTENSIBILITY VIA PLUGINS,Raikov; Ventsyslav et al.,2023-04-07,VMware LLC,20240338229,4.6939173
132,US-PGPUB,2024-10-10,29,AIRCRAFT BEAM MUTING FOR MULTI-AIRCRAFT EMERGENCY MESSAGE RELAYING,YIN; Mingxi et al.,2023-04-04,QUALCOMM Incorporated,20240340079,2.8785152
133,US-PGPUB,2024-10-10,18,METHOD AND APPARATUS FOR AUTOENCODER-BASED ANOMALY DETECTION IN MEDICAL IMAGING SYSTEMS,KOLTHAMMER; Jeffrey et al.,2023-04-07,CANON MEDICAL SYSTEMS CORPORATION,20240335178,4.0040936
134,US-PGPUB,2024-10-10,41,AUTARCHICAL POWER DOMAINS FOR EXECUTING MINIMAL RISK CONDITIONS,GHOSH DASTIDAR; ARPITA et al.,2023-04-04,GHOST AUTONOMY INC.,20240338331,3.4530654
135,US-PGPUB,2024-10-10,18,HYBRID RICE RT23L401,Diao; Liping et al.,2023-04-04,"RiceTec, Inc.",20240334890,4.104972
136,US-PGPUB,2024-10-10,30,APPARATUS AND METHOD FOR PROCESSING DATA FOR EXTERNAL USERS,Willardson; Chad et al.,2023-04-06,"Gravystack, Inc.",20240338420,4.371575
137,US-PGPUB,2024-10-10,26,Network Configured Operation of User Equipment With Artificial Intelligence/Machine Learning Model Capability,Shrivastava; Rudraksh,2023-04-06,SHARP Kabushiki Kaisha,20240340653,6.424717
138,US-PGPUB,2024-10-10,13,Stretchable Piezoelectric Biocrystal Thin Films,Wang; Xudong et al.,2023-04-04,Wisconsin Alumni Research Foundation,20240341196,3.644366
139,US-PGPUB,2024-10-10,21,GUIDED WEB CRAWLER FOR AUTOMATED IDENTIFICATION AND VERIFICATION OF WEBPAGE RESOURCES,Mukherjee; Sourish et al.,2023-04-06,"PAYPAL, INC.",20240338415,3.197233
140,US-PGPUB,2024-10-10,38,Production Efficiency Optimization For Bipolar Electrodialysis Device,Loretz; Jeremy et al.,2023-04-06,"Ebb Carbon, Inc.",20240336503,3.592396
141,US-PGPUB,2024-10-10,142,TENSOR DIMENSION ORDERING TECHNIQUES,Springer; Paul Martin et al.,2023-05-01,NVIDIA Corporation,20240338175,3.7876813
142,US-PGPUB,2024-10-10,15,DARK-OUT BOX FOR AGRICULTURAL VENTILATION,Mohr; Thomas,2023-04-10,Munters Corporation,20240334895,4.2137685
143,US-PGPUB,2024-10-10,55,POWER DISTRIBUTION SYSTEM,Campbell; Steven L. et al.,2023-04-10,"UT-Battelle, LLC",20240339841,5.0876875
144,US-PGPUB,2024-10-10,21,TECHNIQUE FOR DEFINING FEATURES AND PREDICTING LIKELIHOOD OF ADOPTION OF THE SAME USING MACHINE LEARNING MODELS,Shami; Mohammad et al.,2023-04-04,"Cisco Technology, Inc.",20240340223,3.457301
145,US-PGPUB,2024-10-10,29,IMAGING SYSTEMS AND METHODS FOR DATA-DRIVEN APPARATUS INSPECTION,Dey; Pradeep,2023-05-25,Honeywell International Inc.,20240340517,3.1999357
146,US-PGPUB,2024-10-10,50,GENERATING TEMPLATES FOR USE IN SYNTHETIC DOCUMENT GENERATION PROCESSES,Dua; Karan et al.,2023-04-04,Oracle International Corporation,20240338959,5.138382
147,US-PGPUB,2024-10-10,120,ADAPTIVE SECURITY ARCHITECTURE BASED ON STATE OF POSTURE,Thompson; Jonathan J.,2023-05-30,"AS0001, Inc.",20240340301,4.2690363
148,US-PGPUB,2024-10-10,19,APPARATUSES AND METHODS FOR FACILITATING MANAGEMENT AND USE OF RESOURCES IN RELATION TO RESTORATION PATHS OF NETWORKS AND SYSTEMS,Singh; Preeti et al.,2023-05-24,CIENA CORPORATION,20240340254,4.5293946
149,US-PGPUB,2024-10-10,22,SIMULATED SOFTWARE FEATURES IN A SIMULATED SANDBOX WITHIN A PRODUCTION ENVIRONMENT,Yang; Wenying et al.,2023-06-05,"Salesforce, Inc.",20240338302,3.2950816
150,US-PGPUB,2024-10-10,101,"IL-17F AND IL-17A-SPECIFIC CAPTURE AGENTS, COMPOSITIONS, AND METHODS OF USING AND MAKING",Agnew; Heather et al.,2023-06-15,"Regeneron Pharmaceuticals, Inc.,California Institute of Technology",20240337665,4.3423815
151,US-PGPUB,2024-10-10,28,METHODS AND APPARATUS TO MANAGE CLOUD COMPUTING RESOURCES,Raikov; Ventsyslav et al.,2023-04-07,VMware LLC,20240340255,4.7313123
152,US-PGPUB,2024-10-10,24,METHOD AND SYSTEM FOR OPTIMIZING MEDICAL IMAGINING EXAMINATION,MOHAMED SHEIK KATHI; HAJA NAZURUDEEN,2023-06-14,L&amp;T TECHNOLOGY SERVICES LIMITED,20240339214,6.259178
153,US-PGPUB,2024-10-10,80,"NFT Based Secure Authentication and Notification Apparatuses, Processes and Systems",De La Rosa; Leticia et al.,2023-04-04,FMR LLC,20240338688,1.7453313
154,US-PGPUB,2024-10-10,81,"NFT Based Secure Authentication and Notification Apparatuses, Processes and Systems",De La Rosa; Leticia et al.,2023-04-04,FMR LLC,20240338689,1.7474973
155,US-PGPUB,2024-10-10,17,SYNTHETIC DATA GENERATION OF IMAGE TRAINING DATA,Sanvoravong; Khamsouksavanh et al.,2023-04-04,Florida Power &amp; Light Company,20240338931,5.695877
156,US-PGPUB,2024-10-10,9,REPRODUCING FAST EYE MOVEMENT USING IMAGING OF ROBOT WITH LIMITED ACTUATOR SPEED,Zhao; Frank et al.,2023-04-05,Sony Interactive Entertainment Inc.,20240335942,5.142111
157,US-PGPUB,2024-10-10,18,VOICE DRIVEN MODIFICATION OF SUB-PARTS OF ASSETS IN COMPUTER SIMULATIONS,Krishnamurthy; Sudha et al.,2023-04-06,Sony Interactive Entertainment Inc.,20240338887,5.060311
158,US-PGPUB,2024-10-10,80,"NFT Based Secure Authentication and Notification Apparatuses, Processes and Systems",De La Rosa; Leticia et al.,2023-04-04,FMR LLC,20240338381,1.7565293
159,US-PGPUB,2024-10-10,26,SYSTEMS AND METHODS FOR DOMAIN ADAPTATION IN NEURAL NETWORKS USING CROSS-DOMAIN BATCH NORMALIZATION,Chen; Ruxin et al.,2023-04-06,Sony Interactive Entertainment Inc.,20240338552,4.3941164
160,US-PGPUB,2024-10-10,75,MASKING SPARSE INPUTS AND OUTPUTS IN NEURAL NETWORK ARRAY,Tran; Hieu Van et al.,2023-06-20,"Silicon Storage Technology, Inc.",20240338144,5.9236236
161,US-PGPUB,2024-10-10,47,"ELECTRONIC DEVICE FOR PROVIDING HIGH ACCURACY BIO-SIGNALS BASED ON INFORMATION OBTAINED IN A NON-CONTACT MANNER, SYSTEM, AND OPERATION METHOD OF THE SAME",PARK; Ki Bum,2023-07-06,"GB SOFT CO., LTD",20240338965,6.562832
162,US-PGPUB,2024-10-10,31,SYSTEMS AND METHODS FOR FRAME-BASED VALIDATION,Pokkalla; Harsha Vardhan et al.,2023-07-20,"Pokkalla; Harsha Vardhan,Elliott; Hunter L.,Wang; Dayong,Glass; Benjamin P.,Wapinski; Ilan N.,Kerner; Jennifer K.,Beck; Andrew H.,Khosla; Aditya,Gullapally; Sai Chowdary,Srinivasan; Ramprakash,Gerardin; Ylaine,Shamshoian; John,Abel; John,Shen; Ciyue",20240339197,2.9759839
163,US-PGPUB,2024-10-10,35,RECOMMENDATING PERSONALIZED DIGITAL DESIGN TEMPLATES UTILIZING CONTENT EMBEDDINGS,Khanna; Anand et al.,2023-07-12,Adobe Inc.,20240338406,5.5261383
164,US-PGPUB,2024-10-10,26,RULE-BASED AND ARTIFICIAL INTELLIGENCE-BASED HYBRID ANALYTICS FOR ACTION FACILITATION,Ji; Wei et al.,2023-07-31,"Zoom Video Communications, Inc.",20240338628,5.860725
165,US-PGPUB,2024-10-10,16,RENDERING AMBISONICS SOUND SOURCES USING FRACTIONAL ORDERS,Sangston; Brandon,2023-04-05,Sony Interactive Entertainment Inc.,20240335751,5.0549216
166,US-PGPUB,2024-10-10,19,Systems and Devices for Enhancing Visibility of Internal Connection Mechanisms,Kurra; Chandana et al.,2023-07-19,"Mineral City Biotechnologies, LLC",20240335250,5.126634
167,US-PGPUB,2024-10-10,44,DATA STORAGE DEVICE CONFIGURED FOR USE WITH A GENERATIVE-ADVERSARIAL-NETWORK (GAN),Navon; Ariel et al.,2023-08-09,"Western Digital Technologies, Inc.",20240338275,5.1180325
168,US-PGPUB,2024-10-10,51,"PHOTOGRAPHING LENS ASSEMBLY, IMAGING APPARATUS AND ELECTRONIC DEVICE",TSAI; CHENG-YU et al.,2023-07-17,"LARGAN PRECISION CO., LTD.",20240337817,2.7662325
169,US-PGPUB,2024-10-10,45,DATA STORAGE DEVICE CONFIGURED FOR USE WITH A GENERATIVE-ADVERSARIAL-NETWORK (GAN),Navon; Ariel et al.,2023-08-11,"Western Digital Technologies, Inc.",20240338311,5.0428224
170,US-PGPUB,2024-10-10,11,ANODE ACTIVE MATERIAL LAYER AND ALL-SOLID-STATE BATTERY USING THE SAME,Chung; Gyeong Jun et al.,2023-08-15,"Hyundai Motor Company,Kia Corporation",20240339595,4.88812
171,US-PGPUB,2024-10-10,44,DATA STORAGE DEVICE CONFIGURED FOR USE WITH A GENERATIVE-ADVERSARIAL-NETWORK (GAN),Linnen; Daniel Joseph et al.,2023-08-09,"Western Digital Technologies, Inc.",20240338312,5.3097034
172,US-PGPUB,2024-10-10,30,Femoral Component Extractor,Alden; Dana Andrew,2023-04-10,"Tri-Sphere Holdings, LLC",20240335299,5.4364314
173,US-PGPUB,2024-10-10,9,ALL-SOLID-STATE BATTERY WITH REDUCED INTERFACIAL RESISTANCE,KIM; Dong Hyun et al.,2023-08-25,"Hyundai Motor Company,Kia Corporation",20240339655,4.063994
174,US-PGPUB,2024-10-10,13,METHOD OF MANUFACTURING NEGATIVE ELECTRODE FOR ALL-SOLID-STATE BATTERY USING RUBBER-BASED BINDER,Lee; Byung Yong et al.,2023-08-22,"Hyundai Motor Company,Kia Corporation",20240339614,5.7390375
175,US-PGPUB,2024-10-10,14,ALL-SOLID-STATE BATTERY INCLUDING NEGATIVE ELECTRODE LAYER IN THICK-FILM FORM AND METHOD OF MANUFACTURING THE SAME,Kim; Dong Hyun et al.,2023-08-30,"Hyundai Motor Company,Kia Corporation",20240339596,4.7046137
176,US-PGPUB,2024-10-10,22,APPARATUS AND METHOD FOR SUPPORTING DATA INPUT/OUTPUT OPERATION BASED ON A DATA ATTRIBUTE IN A SHARED MEMORY DEVICE OR A MEMORY EXPANDER,HONG; Sung Hyun,2023-08-30,SK hynix Inc.,20240338330,4.838568
177,US-PGPUB,2024-10-10,16,APPARATUS FOR AND METHOD OF CONTROLLING ENERGY FOR HYBRID ELECTRIC VEHICLE,KIM; Jin Seong et al.,2023-08-18,"Hyundai Transys Inc.,Auburn University",20240336253,3.7306995
178,US-PGPUB,2024-10-10,17,Tragus Clipping Earphone,Liu; Yuanhao,2023-09-04,Liu; Yuanhao,20240340569,3.8138065
179,US-PGPUB,2024-10-10,61,DEBUGGING FRAMEWORK FOR A RECONFIGURABLE DATA PROCESSOR,GOEL; Arnav et al.,2023-09-11,"SambaNova Systems, Inc.",20240338297,3.757998
180,US-PGPUB,2024-10-10,69,ANALOG COMPUTATION-IN-MEMORY ENGINE AND DIGITAL COMPUTATION-IN-MEMORY ENGINE TO PERFORM OPERATIONS IN A NEURAL NETWORK,Tran; Hieu Van,2023-07-05,"Silicon Storage Technology, Inc.",20240338177,5.833895
181,US-PGPUB,2024-10-10,61,INTELLIGENT GRAPH EXECUTION AND ORCHESTRATION ENGINE FOR A RECONFIGURABLE DATA PROCESSOR,GOEL; Arnav et al.,2023-09-08,"SambaNova Systems, Inc.",20240338340,3.7523332
182,US-PGPUB,2024-10-10,29,AUGMENTED REALITY SYSTEM TO PROVIDE RECOMMENDATION TO PURCHASE A DEVICE THAT WILL IMPROVE HOME SCORE,Cardona; Alexander et al.,2023-09-25,STATE FARM MUTUAL AUTOMOBILE INSURANCE COMPANY,20240338903,4.4435663
183,US-PGPUB,2024-10-10,29,AUGMENTED REALITY SYSTEM TO PROVIDE RECOMMENDATION TO REPAIR OR REPLACE AN EXISTING DEVICE TO IMPROVE HOME SCORE,Cardona; Alexander et al.,2023-09-25,STATE FARM MUTUAL AUTOMOBILE INSURANCE COMPANY,20240338904,4.4435663
184,US-PGPUB,2024-10-10,38,IMAGE GENERATION WITH MULTIPLE IMAGE EDITING MODES,Zhou; Yuqian et al.,2023-09-26,ADOBE INC.,20240338869,4.966245
185,US-PGPUB,2024-10-10,22,SYSTEM AND METHOD FOR KEYWORD SPOTTING IN NOISY ENVIRONMENTS,Yang; Chou-Chang et al.,2023-09-20,"Samsung Electronics Co., Ltd.",20240339123,3.2930825
186,US-PGPUB,2024-10-10,20,ARTIFICIAL INTELLIGENCE CO-PILOT FOR MANNED AND UNMANNED AIRCRAFT,Arteaga; Ricardo Alejandro,2023-04-09,Arteaga; Ricardo Alejandro,20240339039,5.8822937
187,US-PGPUB,2024-10-10,42,SYSTEM FOR AUTOMATED MODEL SELECTION TO FACILITATE DETECTION OF SUSPICIOUS DIGITAL IDENTIFIERS,Radon; Aungon Nag,2023-09-20,"Lookout, Inc.",20240338576,5.7289352
188,US-PGPUB,2024-10-10,33,Form Field Recommendation Management,Bhamidipati; Subash et al.,2023-10-05,Oracle International Corporation,20240338233,2.8688877
189,US-PGPUB,2024-10-10,31,GENERATIVE AI BASED TEXT EFFECTS WITH CONSISTENT STYLING,Iyer; Siddharth et al.,2023-10-02,ADOBE INC.,20240338870,4.3044944
190,US-PGPUB,2024-10-10,26,SECONDARY CELL MEASUREMENT REPORTING AFTER ACTIVATION,CHO; Hyunwoo et al.,2023-09-20,QUALCOMM Incorporated,20240340671,4.1071196
191,US-PGPUB,2024-10-10,13,"ADDITIVE FOR RECHARGEABLE LITHIUM BATTERY, ELECTROLYTE INCLUDING SAME AND RECHARGEABLE LITHIUM BATTERY",RYU; Bokyung et al.,2023-09-25,"SAMSUNG SDI CO., LTD.",20240339659,5.6365385
192,US-PGPUB,2024-10-10,25,EDGE ENHANCEMENT FOR SKY REPLACEMENT,FENG; Guotong et al.,2023-07-14,Adobe Inc.,20240338794,4.539013
193,US-PGPUB,2024-10-10,81,"NFT Based Secure Authentication and Notification Apparatuses, Processes and Systems",De La Rosa; Leticia et al.,2023-04-04,FMR LLC,20240340179,1.7460146
194,US-PGPUB,2024-10-10,22,SECURE THREE-PARTY MULTIPLICATION METHOD AND SYSTEM FOR PRIVACY COMPUTING,ZHU; Haogang et al.,2023-10-05,BEIHANG UNIVERSITY,20240340172,3.0769343
195,US-PGPUB,2024-10-10,10,REAL-TIME PATH PLANNING METHOD FOR INTELLIGENT DRIVING TAKING INTO ACCOUNT DYNAMIC PROPERTIES OF HIGH-PRECISION VEHICLES,CHEN; Hong et al.,2023-10-14,Tongji University,20240336302,6.343622
196,US-PGPUB,2024-10-10,20,"ANTI-MALICIOUS METHOD, DEVICE AND MEDIUM FOR SECURE THREE-PARTY COMPUTATION",ZHU; Haogang et al.,2023-10-04,BEIHANG UNIVERSITY,20240338489,3.2290204
197,US-PGPUB,2024-10-10,53,SYSTEM FOR GENERATING SAMPLES TO GENERATE MACHINE LEARNING MODELS TO FACILITATE DETECTION OF SUSPICIOUS DIGITAL IDENTIFIERS,Radon; Aungon Nag et al.,2023-10-13,"Lookout, Inc.",20240340314,5.638435
198,US-PGPUB,2024-10-10,9,"POSITIVE ELECTRODE ACTIVE MATERIAL, ELECTROCHEMICAL DEVICE AND ELECTRONIC APPARATUS",Wu; Guanhong et al.,2023-10-16,AESC Japan Ltd.,20240339609,5.391889
199,US-PGPUB,2024-10-10,28,BACKGROUND SEPARATION FOR GUIDED GENERATIVE MODELS,Katakol; Sudeep et al.,2023-11-02,ADOBE INC.,20240338829,4.278167
200,US-PGPUB,2024-10-10,42,NPU AND APPARATUS FOR TRANSCEIVING FEATURE MAP IN A BITSTREAM FORMAT,KIM; Lok Won et al.,2023-11-13,"DEEPX CO., LTD.",20240338937,6.5728455
201,US-PGPUB,2024-10-10,32,SYSTEM AND METHOD FOR HYBRID PRECISE POINT POSITIONING AND REAL-TIME KINEMATIC POSITION ESTIMATION,Rao; Pramukta et al.,2023-11-27,Zephr.xyz Inc.,20240337757,2.9759839
202,US-PGPUB,2024-10-10,20,NATURAL LANGUAGE TO APPLICATION PROGRAMMING INTERFACE TRANSLATION,Popp; Bogdan,2023-10-30,"Expedia, Inc.",20240338534,5.3223076
203,US-PGPUB,2024-10-10,21,OBJECT REGION SEGMENTATION DEVICE AND OBJECT REGION SEGMENTATION METHOD THEREOF,Cho; Jae Hoon,2023-11-14,"HYUNDAI MOTOR COMPANY,KIA CORPORATION",20240338934,3.447111
204,US-PGPUB,2024-10-10,36,SYNCHRONIZATION SIGNAL BLOCK DESIGN FOR NARROWBAND OPERATION,RODRIGUEZ FERNANDEZ; Javier et al.,2023-10-25,QUALCOMM Incorporated,20240340821,2.5983026
205,US-PGPUB,2024-10-10,9,METHOD AND SYSTEM FOR A QUANTUM-ENHANCED DECRYPTION PROCESS FOR RSA AND AES ENCRYPTIONS,"Coventry, III; Robert",2023-11-20,Cambridge Weaponry,20240340169,5.7486744
206,US-PGPUB,2024-10-10,42,SOUNDING REFERENCE SIGNAL (SRS) FREQUENCY HOPPING FOR DISTRIBUTED ANTENNA PORT MAPPING,HUANG; Yi et al.,2023-11-28,QUALCOMM Incorporated,20240340130,3.5627582
207,US-PGPUB,2024-10-10,20,OBJECT RECOGNITION APPARATUS FOR AN AUTONOMOUS VEHICLE AND AN OBJECT RECOGNITION METHOD THEREFOR,Choi; Jong Hyun,2023-11-14,"HYUNDAI MOTOR COMPANY,KIA CORPORATION",20240338949,5.518273
208,US-PGPUB,2024-10-10,22,DEVICE AND METHOD FOR CONTROLLING A VEHICLE,Kim; Il Hwan,2023-11-09,"HYUNDAI MOTOR COMPANY,KIA CORPORATION",20240336258,6.1236663
209,US-PGPUB,2024-10-10,14,AUTONOMOUS VEHICLE REMOTE CONTROL APPARATUS AND METHOD BASED ON HETEROGENEOUS NETWORKS,LIU; Yuntao et al.,2023-11-08,ZHEJIANG LAB,20240338019,3.8084514
210,US-PGPUB,2024-10-10,20,"BODY TEMPERATURE-RESPONSIVE, STIFFNESS-VARYING AND NON-REUSABLE INTRAVENOUS NEEDLE WITH ON-SITE TEMPERATURE SENSING FOR IMPROVED PATIENT CARE, INTRAVENOUS INFUSION SET HAVING THE SAME, AND MANUFACTURING METHOD OF THE SAME",JEONG; Jae-Woong et al.,2023-11-16,Korea Advanced Institute Of Science And Technology,20240335640,5.9672694
211,US-PGPUB,2024-10-10,34,GLOBAL NAVIGATION SATELLITE SYSTEM OPERATION WITH TRIGGERED GAPS,RICO ALVARINO; Alberto et al.,2023-12-12,QUALCOMM Incorporated,20240337758,3.820611
212,US-PGPUB,2024-10-10,31,NANOEMULSION WITHOUT PROPYLENE GLYCOL,FOGUET; Montserrat et al.,2023-12-08,Biofrontera Bioscience GmbH,20240335380,4.3722696
213,US-PGPUB,2024-10-10,19,PREDICTION OF CANCELLATIONS OF BOOKED EVENTS,Kar; Debarshi Kumar et al.,2023-12-14,"Garuda Labs, Inc.",20240338613,4.6058
214,US-PGPUB,2024-10-10,21,APPARATUS AND METHOD FOR DISPLAYING INDOOR DRIVING INFORMATION USING MAP INFORMATION AND MOTION SENSOR,Chihwan; Kim et al.,2023-12-06,"HYUNDAI MOTOR COMPANY,KIA CORPORATION,Hyundai Autoever Corp",20240337495,3.4466565
215,US-PGPUB,2024-10-10,19,SMART DATA SIGNALS FOR ARTIFICIAL INTELLIGENCE BASED MODELING,Panda; Lopamudra et al.,2023-11-29,"ExlService Holdings, Inc.",20240338386,6.0851774
216,US-PGPUB,2024-10-10,47,PRESSURIZED NANOEMULSION,FOGUET; Montserrat et al.,2023-12-08,Biofrontera Bioscience GmbH,20240335360,4.3073716
217,US-PGPUB,2024-10-10,33,SYNCHRONIZATION RASTER BASED ON TRANSMISSION BANDWIDTH,LAEHTEENSUO; Toni Harri Henrikki et al.,2023-12-13,QUALCOMM  Incorporated,20240340822,3.9139316
218,US-PGPUB,2024-10-10,22,"Apparatus, device, method and computer program for an autonomously acting machine or a computer system",STOEFFLER; Norbert et al.,2023-12-22,Intel Corporation,20240335947,5.21285
219,US-PGPUB,2024-10-10,17,ACTIVE DICHROIC OPTICAL DEVICE AND MANUFACTURING METHOD THEREOF,Jeong; Hyeon-Ho et al.,2023-12-27,Gwangju Institute of Science and Technology,20240337887,4.0809393
220,US-PGPUB,2024-10-10,15,Non-Aqueous Electrolyte and Lithium Secondary Battery Including the Same,Baek; Ga Young et al.,2023-12-28,"LG Energy Solution, Ltd.",20240339658,5.063774
221,US-PGPUB,2024-10-10,28,SYSTEMS AND METHODS FOR ELECTRIC PROPULSION SYSTEMS FOR ELECTRIC ENGINES,Salam; Mohamed A. et al.,2023-12-21,Honeywell International Inc.,20240339893,3.5911043
222,US-PGPUB,2024-10-10,41,TRANSMISSION OF REFERENCE SIGNALS IN ASSOCIATION WITH CELL DISCONTINUOUS TRANSMISSION AND RECEPTION CONFIGURATIONS,LY; Hung Dinh et al.,2024-01-12,QUALCOMM Incorporated,20240340997,2.321957
223,US-PGPUB,2024-10-10,14,VEHICLE,OGURI; Haruki et al.,2024-01-22,TOYOTA JIDOSHA KABUSHIKI KAISHA,20240338029,4.0040936
224,US-PGPUB,2024-10-10,15,ADJUSTING ADAPTIVE OPTICAL LENS FROM SENSED DISTANCE,Zurauskas; Mantas,2024-01-22,"Meta Platforms Technologies, LLC",20240337866,6.206331
225,US-PGPUB,2024-10-10,12,SYSTEM AND METHOD FOR MANAGING CUSTOMER FEEDBACK,Mala; Ornis,2024-01-23,Mala; Ornis,20240338736,5.5809727
226,US-PGPUB,2024-10-10,73,METHODS AND COMPOSITIONS RELATED TO MODIFIED METHYLTRANSFERASES AND ENGINEERED BIOSENSORS,Ellington; Andrew et al.,2024-02-08,"BOARD OF REGENTS, THE UNIVERSITY OF TEXAS SYSTEM",20240336900,5.0572343
227,US-PGPUB,2024-10-10,27,RADIO LINK MONITORING AND RECEPTION POWER FOR A CARRIER WITHOUT AN SSB IN INTER-BAND CARRIER AGGREGATION,CHO; Hyunwoo et al.,2024-01-17,QUALCOMM Incorporated,20240340820,3.9775553
228,US-PGPUB,2024-10-10,37,PERFORMANCE MONITORING FOR ARTIFICIAL INTELLIGENCE (AI)/MACHINE LEARNING (ML) FUNCTIONALITIES AND MODELS,BALEVI; Eren et al.,2024-01-29,QUALCOMM Incorporated,20240340660,5.1428494
229,US-PGPUB,2024-10-10,35,DYNAMIC INDICATION TO SKIP CHANNEL RECEPTION OR TRANSMISSION,LY; Hung Dinh et al.,2024-02-02,QUALCOMM Incorporated,20240340998,3.7407446
230,US-PGPUB,2024-10-10,35,MEMORY DEVICE AND OPERATION METHOD THEREOF,Kim; Dongha et al.,2024-01-25,"SAMSUNG ELECTRONICS CO., LTD.",20240339145,3.082382
231,US-PGPUB,2024-10-10,37,TRANSMIT POWER AND BEAM SELECTION FOR RANDOM ACCESS CHANNEL PROCEDURE MESSAGES,BAI; Tianyang et al.,2024-02-13,QUALCOMM Incorporated,20240340856,3.8159966
232,US-PGPUB,2024-10-10,24,ELECTRONIC DEVICE FOR PERFORMING SATELLITE COMMUNICATION AND OPERATING METHOD THEREOF,HYUNG; Seokkun,2024-02-22,"Samsung Electronics Co., Ltd.",20240340080,5.745431
233,US-PGPUB,2024-10-10,120,"Blockchain Augmented Crypto Asset Valuation Apparatuses, Processes and Systems",Flesk; Kieran et al.,2023-12-05,FMR LLC,20240338667,2.210464
234,US-PGPUB,2024-10-10,34,ELECTRONIC APPARATUS AND METHOD FOR CONTROLLING THEREOF,YOON; Daewon et al.,2024-02-22,"SAMSUNG ELECTRONICS CO., LTD.",20240335163,2.621386
235,US-PGPUB,2024-10-10,13,METHOD FOR VISUAL POSE DETERMINATION OF UNKNOWN OBJECTS IN A MIXED REALITY CONTEXT,Colafrancesco; Julien et al.,2024-02-23,"Qorvo US, Inc.",20240338906,6.2067122
236,US-PGPUB,2024-10-10,29,SIDELINK SYNCHRONIZATION SIGNAL BLOCKS,TAKEDA; Kazuki et al.,2024-02-29,QUALCOMM Incorporated,20240340824,4.61227
237,US-PGPUB,2024-10-10,18,SYSTEMS AND METHODS FOR AVATAR-BASED INTERACTIONS,Nunally; Patrick,2024-02-20,Datum Point Labs Inc.,20240339211,3.5533066
238,US-PGPUB,2024-10-10,101,"Transfer Transaction Blockchain with Clawback Apparatuses, Processes and Systems",McDonough; John et al.,2023-09-12,FMR LLC,20240338685,1.5255004
239,US-PGPUB,2024-10-10,15,"ITEM REGISTRATION APPARATUS AND METHOD, AND CART POINT-OF-SALE SYSTEM",KATO; Suguru,2024-02-20,Toshiba Tec Kabushiki Kaisha,20240338671,3.8128884
240,US-PGPUB,2024-10-10,15,USING MACHINE LEARNING TO GENERATE A WORKLOAD OF A STORAGE COMPONENT,TIKU; Saideep et al.,2024-03-05,"Micron Technology, Inc.",20240338597,5.2339125
241,US-PGPUB,2024-10-10,26,SIDELINK TRANSMISSION POWER CONTROL FOR NEW RADIO SIDELINK AND LONG TERM EVOLUTION SIDELINK CO-CHANNEL COEXISTENCE,DUTTA; Sourjya et al.,2024-03-05,QUALCOMM Incorporated,20240340813,2.8014507
242,US-PGPUB,2024-10-10,27,FOVEAL REGION PROCESSING FOR ARTIFICIAL REALITY DEVICES,Brailovskiy; Ilya et al.,2024-03-12,"Meta Platforms Technologies, LLC",20240338073,6.4748983
243,US-PGPUB,2024-10-10,24,Visualization and Customization of Sound Space,WESTLAND; Joy et al.,2024-03-07,"Meta Platforms Technologies, LLC",20240340603,6.3545456
244,US-PGPUB,2024-10-10,28,SYSTEMS AND METHODS FOR DYNAMIC FACIAL EXPRESSION RECOGNITION,Lee; Bokyeung et al.,2024-03-13,Datum Point Labs Inc.,20240338974,3.3007133
245,US-PGPUB,2024-10-10,19,SYSTEMS AND METHODS FOR TEXT-TO-SPEECH SYNTHESIS,Min; Jeongki et al.,2024-03-07,Datum Point Labs Inc.,20240339104,3.6525197
246,US-PGPUB,2024-10-10,40,DOWNLINK CONTROL INFORMATION SIZE ALIGNMENT FOR SCHEDULING UPLINK TRANSMISSION,KHOSHNEVISAN; Mostafa et al.,2024-02-23,QUALCOMM Incorporated,20240340916,2.3482037
247,US-PGPUB,2024-10-10,10,SOLUTION FOR PREPARING A BUILDING SYSTEM RELATED APPLICATION PROGRAMMING INTERFACE (API) FOR OPERATION,PIRTTIMAA; Viljami et al.,2024-03-04,KONE Corporation,20240338262,3.9953125
248,US-PGPUB,2024-10-10,8,COMPUTER-IMPLEMENTED METHOD AND SYSTEM FOR PREDICTING TRAJECTORIES OF PARTICIPANTS IN A TRAFFIC SCENE,Hallgarten; Marcel,2024-03-07,Robert Bosch GmbH,20240339030,4.3664007
249,US-PGPUB,2024-10-10,27,R-TWT BASED MULTI-AP COORDINATION,Shafin; Rubayet et al.,2024-03-12,"Samsung Electronics Co., Ltd.",20240340789,3.3153088
250,US-PGPUB,2024-10-10,111,CYCLOPROPYL-(HETERO)ARYL-SUBSTITUTED ETHYL-SULFOXIME-PYRIDINE DERIVATIVES,Herl?; Bart et al.,2024-02-20,"Boehringer Ingelheim Vetmedica GmbH,NIHON NOHYAKU CO., LTD.",20240336615,3.9162085
251,US-PGPUB,2024-10-10,24,ELECTRONIC DEVICE AND CONTROLLING METHOD THEREOF,KIM; Moon-Su,2024-02-13,"Samsung Electronics Co., Ltd.",20240338508,6.138525
252,US-PGPUB,2024-10-10,16,Camera System and Method for Generating a Combined Image Projection,Christiansen; Martin Peter et al.,2024-03-08,AGCO International GmbH,20240340545,4.7485805
253,US-PGPUB,2024-10-10,21,ANALYTE TRANSPORTING MEMBRANES FOR USE WITH ANALYTE SENSORS,Kossakovski; Dmitri A. et al.,2024-03-12,"Medtronic MiniMed, Inc.",20240335147,5.052632
254,US-PGPUB,2024-10-10,21,MACHINE LEARNING TECHNOLOGIES FOR IDENTIFYING CATEGORY PURCHASES AND GENERATING DIGITAL PRODUCT OFFERS,Smaniotto; Anthony David et al.,2024-03-19,"FETCH REWARDS, LLC",20240338726,4.850739
255,US-PGPUB,2024-10-10,16,ELECTRIC SUBMERSIBLE PUMP (ESP) SEAL UNIT,ROMER; Michael C. et al.,2024-03-14,ExxonMobil Technology and Engineering Company,20240337169,5.747055
256,US-PGPUB,2024-10-10,18,SYSTEMS AND METHODS FOR TEXT-TO-SPEECH SYNTHESIS,Min; Jeongki et al.,2024-03-13,Datum Point Labs Inc.,20240339103,3.6261404
257,US-PGPUB,2024-10-10,22,SYSTEMS AND METHODS FOR ANY TO ANY VOICE CONVERSION,Kim; Donghyeon et al.,2024-03-18,Datum Point Labs Inc.,20240339122,3.5309103
258,US-PGPUB,2024-10-10,34,REGION-BASED FILTERING,CRICR?; Francesco et al.,2024-03-15,Nokia Technologies Oy,20240340431,2.4588263
259,US-PGPUB,2024-10-10,24,Lithium Secondary Battery,Ji; Su Hyeon et al.,2024-03-20,"LG Energy Solution, Ltd.",20240339660,5.1804867
260,US-PGPUB,2024-10-10,48,REFERENCE SIGNAL RECEIVED POWER (RSRP) CHANGE THRESHOLD REFERENCE AND RELATION TO THE TIMING ADVANCE (TA) VALIDITY PROCEDURE FOR AREA-SPECIFIC SOUNDING REFERENCE SIGNALS (SRS) FOR POSITIONING,MANOLAKOS; Alexandros et al.,2024-03-21,QUALCOMM Incorporated,20240340094,2.2108498
261,US-PGPUB,2024-10-10,11,BROADBAND CAMOUFLAGE PATTERN FORMING DEVICE AND OPERATION METHOD THEREOF,KIM; Tae-Youb et al.,2024-02-27,ELECTRONICS AND TELECOMMUNICATIONS RESEARCH INSTITUTE,20240338502,6.200407
262,US-PGPUB,2024-10-10,15,APPARATUS AND METHOD FOR IMPLEMENTING MANY DIFFERENT LOOP TYPES IN A MICROPROCESSOR,Tran; Thang Minh,2024-03-12,"Simplex Micro, Inc.",20240338220,4.0344224
263,US-PGPUB,2024-10-10,55,IMPLEMENTING A CONDUCTIVE TRACE AND A LIGHT-EMITTING DIODE (LED) ON A CARRIER STRUCTURE VIA SURFACE-MOUNT TECHNOLOGIES (SMT) AND LASER DIRECT STRUCTURING (LDS),CHANG; Le et al.,2024-02-27,"Meta Platforms Technologies, LLC",20240339580,5.966694
264,US-PGPUB,2024-10-10,35,MEASUREMENTS ASSOCIATED WITH A MAIN RADIO AND A LOW-POWER WAKE UP RECEIVER,SHARMA; Prashant et al.,2024-03-28,QUALCOMM Incorporated,20240340666,3.5627582
265,US-PGPUB,2024-10-10,21,SCHEDULING FOR MEMORY,Liu; Chun-Yi et al.,2024-03-15,"Micron Technology, Inc.",20240338149,5.432915
266,US-PGPUB,2024-10-10,28,SIDELINK SYNCHRONIZATION SIGNAL BLOCK REPETITION IN WIDEBAND COMMUNICATIONS,LIU; Chih-Hao et al.,2024-03-20,QUALCOMM Incorporated,20240340823,2.7737858
267,US-PGPUB,2024-10-10,21,MULTI-MODAL CONTEXTUALIZATION FOR OBJECT DETECTION,Paga; Venkata Rama Karthik et al.,2024-03-27,"Raven Industries, Inc.",20240338952,3.7593915
268,US-PGPUB,2024-10-10,7,DECORATIVE WREATH SYSTEM,Williams; Jennafer Diane,2024-03-28,Williams; Jennafer Diane,20240334882,5.6702986
269,US-PGPUB,2024-10-10,52,ULTRASOUND IMAGING DEVICE INCLUDING TOUCH SCREEN AND CONTROL METHOD THEREOF,Jin; Gilju et al.,2024-03-05,"Samsung Medison Co., Ltd.",20240335181,3.7178435
270,US-PGPUB,2024-10-10,18,LOW RADIAL FORCE LOCALIZING STENTS,Bluecher; Lukas et al.,2024-03-29,BVW Holding AG,20240335306,5.350487
271,US-PGPUB,2024-10-10,21,"BINDER FOR SECONDARY BATTERIES AND PREPARATION METHOD THEREOF, AS WELL AS SEPARATOR, BATTERY CELL, BATTERY AND ELECTRICAL APPARATUS",Li; Lei et al.,2024-03-28,"CONTEMPORARY AMPEREX TECHNOLOGY CO., LIMITED",20240339616,4.30001
272,US-PGPUB,2024-10-10,37,Medical Condition Visual Search,Bui; Peggy Yen Phuong et al.,2024-03-28,Google LLC,20240339217,4.6782465
273,US-PGPUB,2024-10-10,108,Systems for Detecting Vehicle Following Distance,Mazumder; Joy et al.,2024-03-28,Geotab Inc.,20240336275,2.9596846
274,US-PGPUB,2024-10-10,19,SYSTEM AND A METHOD FOR ANALYSING A FLUID SAMPLE,MEENA; Anurag et al.,2024-03-28,Neodocs Healthcare PVT. LTD.,20240338827,4.6640067
275,US-PGPUB,2024-10-10,47,COMB PATTERNS FOR SIDELINK POSITIONING REFERENCE SIGNAL,JEYARAJ; Jeya Pradha et al.,2024-04-02,QUALCOMM Incorporated,20240340139,2.192669
276,US-PGPUB,2024-10-10,42,PHYSICAL RESOURCE BLOCK ALLOCATION ALIGNMENT,AIROLDI; Roberto et al.,2024-02-09,QUALCOMM Incorporated,20240340050,3.0799937
277,US-PGPUB,2024-10-10,23,HIGH-EFFICACY NATURAL PRESERVATIVES,Granda; Cesar B. et al.,2024-04-02,"BioVeritas, LLC",20240334941,4.292905
278,US-PGPUB,2024-10-10,13,AUTHENTICATION RELAY SERVER AND COMPUTER READABLE STORAGE MEDIUM,MATSUO; Yuji,2024-03-10,OMRON Corporation,20240340181,4.2304106
279,US-PGPUB,2024-10-10,15,METHOD AND SYSTEM FOR ARTIFICIAL INTELLIGENCE-BASED GENERATION OF TRAVEL AND DINING REVIEWS,STANG; Christopher et al.,2024-01-26,"JPMorgan Chase Bank, N.A.",20240338737,6.284166
280,US-PGPUB,2024-10-10,14,FAILURE DIAGNOSIS SYSTEM FOR MARINE ENGINE COMBUSTION CHAMBER AND METHOD FOR DIAGNOSING FAILURE OF MARINE ENGINE COMBUSTION CHAMBER USING THE SAME,JANG; Hwasup et al.,2024-03-28,KOREAN REGISTER,20240337563,5.0836043
281,US-PGPUB,2024-10-10,37,EXTENDED REALITY SERVICE THAT CUSTOMIZES ACTIONS BASED ON IMMERSIVE PLATFORM TYPES,CASTEDO ECHEVERRI; Alejandro et al.,2024-03-29,Heizenrader LLC,20240338105,4.93323
282,US-PGPUB,2024-10-10,56,COMB OFFSET INDICATION FOR SIDELINK POSITIONING REFERENCE SIGNAL,JEYARAJ; Jeya Pradha et al.,2024-04-02,QUALCOMM Incorporated,20240340140,2.2119668
283,US-PGPUB,2024-10-10,86,"TECHNIQUES AND GRAPHICS-PROCESSING ASPECTS FOR ENABLING SCENE RESPONSIVENESS IN MIXED-REALITY ENVIRONMENTS, INCLUDING BY USING SITUATED DIGITAL TWINS, AND SYSTEMS AND METHODS OF USE THEREOF",Kari; Mohamed et al.,2024-04-02,"Meta Platforms Technologies, LLC",20240338908,6.495742
284,US-PGPUB,2024-10-10,14,"INTERCELL COOLING ELEMENT, BATTERY ARRANGEMENT, MOTOR VEHICLE, AND METHOD FOR PRODUCING AN INTERCELL COOLING ELEMENT",LORENZ; Carsten et al.,2024-03-12,AUDI AG,20240339693,4.6525917
285,US-PGPUB,2024-10-10,23,METHOD AND APPARATUS FOR PROCESSING VIDEO,PARK; Jaeyeon et al.,2024-03-27,"SAMSUNG ELECTRONICS CO.,LTD.",20240338831,4.4107466
286,US-PGPUB,2024-10-10,26,BUTTER PRODUCTS AND SYSTEMS AND METHODS FOR MAKING BUTTER PRODUCTS,"Steinhauer, Jr.; Gary Alan et al.",2024-04-02,"Steinhauer, Jr.; Gary Alan,Steinhauer; Randall Lee",20240334946,5.3223076
287,US-PGPUB,2024-10-10,52,TIMING ADVANCE ACQUISITION IN LAYER 1/LAYER 2-TRIGGERED MOBILITY,AKL; Naeem et al.,2024-03-26,QUALCOMM Incorporated,20240340964,1.9922462
288,US-PGPUB,2024-10-10,15,"DRIVER MONITORING DEVICE, DRIVER MONITORING METHOD, AND NON-TRANSITORY RECORDING MEDIUM",OMI; Takuhiro et al.,2024-03-25,"TOYOTA JIDOSHA KABUSHIKI KAISHA,AISIN CORPORATION",20240336269,3.5185204
289,US-PGPUB,2024-10-10,23,SYSTEMS AND METHODS FOR DIVERSE IMAGE INPAINTING,Yoon; Dongsik et al.,2024-04-02,Datum Point Labs Inc.,20240338802,4.6552825
290,US-PGPUB,2024-10-10,26,SYSTEMS AND METHODS FOR GESTURE GENERATION FROM TEXT,Kim; Gwantae et al.,2024-04-03,Datum Point Labs Inc.,20240338874,3.3065495
291,US-PGPUB,2024-10-10,48,METHOD AND APPARATUS FOR SIDELINK COMMUNICATION,WU; Min et al.,2024-04-04,"SAMSUNG ELECTRONICS CO., LTD.",20240340142,3.5707045
292,US-PGPUB,2024-10-10,17,LASER INDUCED BREAKDOWN SPECTROSCOPE ANALYZING AEROSOL,Yune; Jiwon et al.,2024-04-05,SDT Inc.,20240337600,3.7306995
293,US-PGPUB,2024-10-10,64,DESMOPRESSIN ORAL COMPOSITIONS,TU; Yu-Hsing et al.,2024-04-03,Tulex Pharmaceuticals Inc.,20240335501,4.3174644
294,US-PGPUB,2024-10-10,95,"USE OF BIOMARKERS TO DETERMINE WHETHER A SUBJECT HAS SUSTAINED, MAY HAVE SUSTAINED OR IS SUSPECTED OF SUSTAINING A SUBACUTE ACQUIRED BRAIN INJURY (ABI)",McQuiston; Beth et al.,2024-04-11,Abbott Laboratories,20240337668,1.6903867
295,US-PGPUB,2024-10-10,38,UNIFIED TCI FOR PUSCH AND PUCCH,BAI; Tianyang et al.,2024-04-04,QUALCOMM Incorporated,20240340147,3.7264488
296,US-PGPUB,2024-10-10,45,METHOD AND SYSTEM FOR CUSTOMIZED DETECTION TRACKING AND COUNTING OF PEOPLE,Khan; Arshad Ali et al.,2024-04-05,ELM Information Security Company,20240338946,6.0881715
297,US-PGPUB,2024-10-10,26,ELECTRONIC MODULE AND IMAGING APPARATUS,OYAMA; RYUJI,2024-04-02,CANON KABUSHIKI KAISHA,20240340510,3.6679657
298,US-PGPUB,2024-10-10,9,AUTOLOGOUS LEFT VENTRICLE ASSIST DEVICE,"Boutros, M.D., F.A.C.S.; Sean",2024-04-05,"Boutros, M.D., F.A.C.S.; Sean",20240335652,5.301038
299,US-PGPUB,2024-10-10,16,Method of Reconstructing Channel State Information and Apparatus Comprising at Least One Processor,BARBU; Oana-Elena et al.,2024-03-28,Nokia Solutions and Networks Oy,20240340056,5.600351
300,US-PGPUB,2024-10-10,28,DATA PLATFORM USING GENERATIVE ARTIFICIAL INTELLIGENCE BASED ANALYSIS AND QUERIES APPLIED TO DATA SOURCES,HAZEL; Thomas,2024-04-04,"ChaosSearch, Inc.",20240338361,5.6560645
301,US-PGPUB,2024-10-10,36,METHOD AND DEVICE FOR MANAGING SECURITY KEY FOR PERFORMING CONTINUOUS CONDITIONAL PSCELL CHANGE IN NEXT-GENERATION MOBILE COMMUNICATION SYSTEM,JIN; Seungri et al.,2024-03-26,"Samsung Electronics Co., Ltd.",20240340751,4.972404
302,US-PGPUB,2024-10-10,24,FEDERATED LEARNING,CHATTERJEE; Soumyajit et al.,2024-04-01,Nokia Technologies Oy,20240338574,4.3164124
303,US-PGPUB,2024-10-10,29,INTERACTIVE SEMANTIC DOCUMENT MAPPING AND NAVIGATION WITH MEANING-BASED FEATURES,Malon; Christopher et al.,2024-04-05,"NEC Laboratories America, Inc.",20240338393,2.9807422
304,US-PGPUB,2024-10-10,37,METHOD AND APPARATUS FOR TRANSCEIVING UE CAPABILITY INFORMATION RELATED WITH SIDELINK POSITIONING IN WIRELESS COMMUNICATION SYSTEM,YU; Jeongseok et al.,2024-03-28,"Samsung Electronics Co., Ltd.",20240340841,4.7743444
305,US-PGPUB,2024-10-10,28,METHOD AND APPARATUS FOR MEASURING QOE IN RRC INACTIVE MODE AND RRC IDLE MODE IN WIRELESS COMMUNICATION SYSTEM,JEONG; Seungbeom et al.,2024-03-29,"Samsung Electronics Co., Ltd.",20240340991,5.118943
306,US-PGPUB,2024-10-10,22,METHOD AND APPARATUS FOR SUPPORTING SERVICE CONTINUITY BY CONSIDERING NETWORK SLICE AREA IN A WIRELESS COMMUNICATION SYSTEM,SUH; Dongeun et al.,2024-04-05,"Samsung Electronics Co., Ltd.",20240340721,4.397822
307,US-PGPUB,2024-10-10,10,LITHIUM SECONDARY BATTERY,LEE; Jae Yeong et al.,2024-04-01,"SK ON CO., LTD.",20240339666,5.7962165
308,US-PGPUB,2024-10-10,25,METHODS PERFORMED BY USER EQUIPMENT AND BASE STATION,FU; Yanze et al.,2024-04-04,"SAMSUNG ELECTRONICS CO., LTD.",20240340749,4.317681
309,US-PGPUB,2024-10-10,44,METHOD AND DEVICE FOR COMMUNICATION USING NETWORK-CONTROLLED REPEATER IN WIRELESS COMMUNICATION SYSTEM,LEE; Kyunggyu et al.,2024-04-05,"Samsung Electronics Co., Ltd.",20240340073,2.614088
310,US-PGPUB,2024-10-10,76,"SWITCHABLE STRUCTURED ILLUMINATION GENERATOR, LIGHT GUIDE DISPLAY SYSTEM WITH STRAY LIGHT REDUCTION, AND STRESS-NEUTRAL OPTICAL COATING",CHANG; Kai-Han,2024-03-16,"Meta Platforms Technologies, LLC",20240337785,5.9321203
311,US-PGPUB,2024-10-10,28,SYSTEM FOR AUTONOMOUS TRAINING AND ENRICHMENT OF ANIMALS,Arumugham; Karthik et al.,2024-04-05,"Porter Al Labs, Inc.",20240334906,4.0111403
312,US-PGPUB,2024-10-10,41,METHOD AND APPARATUS FOR REPORTING CHANNEL STATE INFORMATION TO REDUCE WIRELESS POWER,Park; kyujin,2024-04-03,KT CORPORATION,20240340677,4.104972
313,US-PGPUB,2024-10-10,37,METHOD AND APPARATUS FOR USER EQUIPMENT IN NEXT-GENERATION MOBILE COMMUNICATION SYSTEM,JEONG; Seungbeom et al.,2024-04-05,"SAMSUNG ELECTRONICS CO., LTD.",20240340852,3.8027804
314,US-PGPUB,2024-10-10,21,METHOD AND APPARATUS FOR INDICATING LOSS OF COVERAGE IN NETWORK,WATFA; Mahmoud,2024-04-09,"Samsung Electronics Co., Ltd.",20240340778,4.9919977
315,US-PGPUB,2024-10-10,38,NEAR-FIELD-COMMUNICATION-BASED POWER CONTROL FOR AN ANALYTE SENSOR SYSTEM,SAGAN; Didier,2024-04-05,"Dexcom, Inc.",20240339850,2.603952
316,US-PGPUB,2024-10-10,38,"MEDICAL SUPPORT DEVICE, ENDOSCOPE SYSTEM, MEDICAL SUPPORT METHOD, AND PROGRAM",WATANABE; Hiroki,2024-03-18,FUJIFILM Corporation,20240335093,4.536329
317,US-PGPUB,2024-10-10,48,"APPARATUS, SENSOR SYSTEM, ELECTRONIC DEVICE AND METHOD",Melnikov; Alexandr,2024-03-19,Infineon Technologies AG,20240337727,4.182524
318,US-PGPUB,2024-10-10,18,TECHNIQUES FOR TRAINING MACHINE LEARNING MODELS USING ROBOT SIMULATION DATA,GARRETT; Caelan Reed et al.,2024-03-15,NVIDIA CORPORATION,20240338598,3.5911233
319,US-PGPUB,2024-10-10,55,STRAIN SENSOR FOR MONITORING PLANT ELONGATION,Diao; Ying et al.,2024-04-08,THE BOARD OF TRUSTEES OF THE UNIVERSITY OF ILLINOIS,20240337641,2.7662325
320,US-PGPUB,2024-10-10,16,AUTONOMOUS INFANT SMART SCALE AND CHANGING TABLE,Fornell; Peter,2024-04-08,"HB Innovations, Inc.",20240337523,5.80789
321,US-PGPUB,2024-10-10,50,RADIO RESOURCE CONTROL MODEL DELIVERY,KUMAR; Rajeev et al.,2024-04-02,QUALCOMM Incorporated,20240340662,5.520974
322,US-PGPUB,2024-10-10,18,SYSTEM AND METHOD FOR GENERATING A NON-ITERATIVE ARTIFICIAL NEURAL NETWORK,Eswaran; Kumar,2024-04-08,Eswaran; Kumar,20240338566,6.273357
323,US-PGPUB,2024-10-10,34,NODE AND USER EQUIPMENT IN WIRELESS COMMUNICATION SYSTEM AND METHOD PERFORMED BY THE SAME,LI; Pengru et al.,2024-04-02,"Samsung Electronics Co., Ltd.",20240340141,2.6141841
324,US-PGPUB,2024-10-10,18,METHOD AND SYSTEM FOR MANAGING PERSONAL IOT NETWORK SERVICES,RAMAMOORTHY; Arunprasath,2024-04-05,"Samsung Electronics Co., Ltd.",20240340621,4.5261035
325,US-PGPUB,2024-10-10,19,METHODS AND APPARATUS FOR HANDLING NON-3GPP SLICE REGISTRATION IN A WIRELESS COMMUNICATION SYSTEM,KUMAR; Lalith et al.,2024-04-09,"Samsung Electronics Co., Ltd.",20240340849,4.5812154
326,US-PGPUB,2024-10-10,31,Training a Learning Model using a Digital Twin,Harvey; Troy Aaron et al.,2024-04-05,"PassiveLogic, Inc.",20240338602,3.0093086
327,US-PGPUB,2024-10-10,42,ARTIFICIAL INTELLIGENCE SYSTEM USER INTERFACES,Copes; Martin et al.,2024-04-02,Palantir Technologies Inc.,20240338232,6.003664
328,US-PGPUB,2024-10-10,29,RESOURCE ALLOCATION AND TRANSMISSION METHOD AND APPARATUS FOR UPLINK SIGNAL,XIONG; Qi et al.,2024-04-01,"Samsung Electronics Co., Ltd.",20240340965,3.8892133
329,US-PGPUB,2024-10-10,41,"DEVICES, SYSTEMS, AND METHODS FOR BONE BALANCE ADJUSTMENT BASED ON OSTEOPHYTE DETECTION",BONO; James,2024-03-29,MAKO Surgical Corporation,20240338818,4.219047
330,US-PGPUB,2024-10-10,20,ELECTROMAGNETIC WAVE FOCUSING FOR CONCENTRIC PIPE EVALUATION,Larbi Zeghlache; Mohamed et al.,2024-03-29,"SAUDI ARABIAN OIL COMPANY,GOWELL INTERNATIONAL LLC",20240337476,3.7309818
331,US-PGPUB,2024-10-10,11,CHARGING PILE,WANG; GUANHSIUNG,2024-03-28,Luxshare Precision Industry Company Limited,20240336155,5.169714
332,US-PGPUB,2024-10-10,10,METHOD AND SYSTEM FOR PROVIDING CUSTOMIZED GENERATIVE AI OUTPUT,Donnenfeld; Gregg,2024-04-04,Donnenfeld; Gregg,20240338971,5.853275
333,US-PGPUB,2024-10-10,14,"INSTRUMENT FOR OPENING A CAPSULAR BAG IN AN EYE, AND TREATMENT DEVICE INCLUDING THE INSTRUMENT",Hillenbrand; Matthias et al.,2024-04-02,Carl Zeiss Meditec AG,20240335321,4.115256
334,US-PGPUB,2024-10-10,31,IOT-BASED PODIATRIC ACTIVITY TRACKING AND RECOMMENDATION SYSTEM,BHUNIA; Swarup et al.,2024-03-29,"University of Florida Research Foundation, Incorporated",20240335138,3.3050027
335,US-PGPUB,2024-10-10,13,"SEPARATOR, ELECTROCHEMICAL DEVICE CONTAINING SAME, AND ELECTRONIC DEVICE",ZHU; Mingchang et al.,2024-03-29,Ningde Amperex Technology Limited,20240339731,3.505097
336,US-PGPUB,2024-10-10,29,METHOD AND APPARATUS FOR EXTENDED DISCONTINUOUS RECEPTION IN WIRELESS COMMUNICATION SYSTEM,JEONG; Seungbeom et al.,2024-04-04,"Samsung Electronics Co., Ltd.",20240341006,2.9940891
337,US-PGPUB,2024-10-10,11,SEPARATOR FOR ELECTROCHEMICAL DEVICE AND ELECTROCHEMICAL DEVICE INCLUDING THE SAME,BANG; Ji Hyun et al.,2024-02-06,"LG ENERGY SOLUTION, LTD.",20240339724,3.5911043
338,US-PGPUB,2024-10-10,11,"METHOD AND DEVICE FOR SORTING, VALUATION AND LABELING OF PRODUCTS PROVIDED WITH AN IDENTIFICATION CODE, SUCH AS BOOKS, AND DIGITAL MEDIA SUCH AS CD, DVD AND VHS CASSETTES",VANDEPUTTE; Maurits,2024-03-22,VALVAN NV,20240338655,6.1764483
339,US-PGPUB,2024-10-10,14,"THREAD TRAVERSING DEVICE, THREAD GUIDE HOUSING AND METHOD",Dahlmanns; Jan et al.,2024-03-30,Saurer Spinning Solutions GmbH &amp; Co. KG,20240336454,4.62351
340,US-PGPUB,2024-10-10,21,SYSTEM AND METHOD FOR A DIGITAL HEALTH PLATFORM PROVIDING REMOTE RESIDENCE HAZARD ANALYSIS,Robinson; Gracyn,2024-04-08,RenovaHealth Corp.,20240338497,5.8098345
341,US-PGPUB,2024-10-10,18,Method and System of Developing and Executing Test Program for Verifying DUT,Amelio; Giuseppe,2024-03-28,Microtest S.p.A.,20240337683,6.18456
342,US-PGPUB,2024-10-10,30,METHOD AND APPARATUS FOR SELECTING BSR FORMAT IN WIRELESS COMMUNICATION SYSTEM,SUN; Weiping et al.,2024-04-04,"Samsung Electronics Co., Ltd.",20240340691,4.009416
343,US-PGPUB,2024-10-10,14,"THREAD TRAVERSING DEVICE, TEXTILE MACHINE AND METHOD",Spitzer; Michael,2024-03-30,Saurer Spinning Solutions GmbH &amp; Co. KG,20240336453,4.7002573
344,US-PGPUB,2024-10-10,11,Artificial Intelligence Guided Production of Cells and Organs from Pluripotent Stem Cells,Ichim; Thomas et al.,2024-04-09,"Creative Medical Technologies, Inc.",20240339176,6.2633667
345,US-PGPUB,2024-10-10,15,MANYCORE SYSTEM,KIM; Ju Hyun et al.,2024-04-03,"MetisX CO., Ltd.",20240338243,3.9430845
346,US-PGPUB,2024-10-10,52,METHOD AND DEVICE FOR ENERGY SAVING IN WIRELESS COMMUNICATION SYSTEM,YI; Junyung et al.,2024-04-05,"Samsung Electronics Co., Ltd.",20240340059,3.7407446
347,US-PGPUB,2024-10-10,19,METHOD AND DEVICE FOR NETWORK SLICE REPLACEMENT BASED ON TERMINAL IN WIRELESS COMMUNICATION SYSTEM,SUH; Dongeun et al.,2024-04-05,"Samsung Electronics Co., Ltd.",20240340763,4.6351295
348,US-PGPUB,2024-10-10,41,METHOD AND APPARATUS FOR SECURITY HANDLING IN SUBSEQUENT CONDITIONAL PSCELL CHANGE IN NEXT GENERATION WIRELESS SYSTEMS,HWANG; June,2024-04-05,"Samsung Electronics Co., Ltd.",20240340754,4.664284
349,US-PGPUB,2024-10-10,27,SYSTEMS AND METHODS FOR GESTURE GENERATION FROM TEXT AND NON-SPEECH,Kim; Gwantae et al.,2024-04-04,Datum Point Labs Inc.,20240338560,3.3007133
350,US-PGPUB,2024-10-10,28,METHOD AND APPARATUS FOR HANDOVER OF USER EQUIPMENT IN NES CELL IN A NEXT GENERATION MOBILE COMMUNICATION SYSTEM,JUNG; Byounghoon et al.,2024-04-03,"Samsung Electronics Co., Ltd.",20240340753,4.1960135
351,US-PGPUB,2024-10-10,21,METHOD AND APPARATUS FOR MANAGING KEYS IN DUAL CONNECTIVITY IN MOBILE COMMUNICATION SYSTEM,CHOI; Hongjin et al.,2024-04-05,"Samsung Electronics Co., Ltd.",20240340641,3.432515
352,US-PGPUB,2024-10-10,18,CONVERSATIONAL TEACHING METHOD AND SYSTEM AND SERVER THEREOF,HSU; WEN-LIAN,2024-04-03,ASIA UNIVERSITY,20240339041,3.8138065
353,US-PGPUB,2024-10-10,34,Automated Foodstuff Singulation System,Liu; Wenbo et al.,2024-04-04,"Liu; Wenbo,Lu; Yuzhen,Jing; Yi",20240338656,6.0421944
354,US-PGPUB,2024-10-10,29,ACTIVITY TIME RESERVATION AND MANAGEMENT SYSTEM,Segal; Joshua Adam et al.,2024-04-10,GOLFdistrict Inc.,20240338614,4.3918333
355,US-PGPUB,2024-10-10,14,ARTIFICIAL INTELLIGENCE-ASSISTED GAIT ANALYSIS OF CHRISTIANSON SYNDROME PATIENTS,Morrow; Eric M. et al.,2024-04-05,Brown University,20240338820,6.312925
356,US-PGPUB,2024-10-10,32,METHOD AND APPARATUS RELATED TO POSITIONING,XIONG; Qi et al.,2024-04-01,"Samsung Electronics Co., Ltd.",20240340843,4.708243
357,US-PGPUB,2024-10-10,32,APPARATUS AND METHOD FOR MANAGING CONTEXT ASSOCIATED WITH A UE DURING DISCONTINUOUS COVERAGE SCENARIO IN A WIRELESS COMMUNICATION SYSTEM,KUMAR; Lalith et al.,2024-04-04,"SAMSUNG ELECTRONICS CO., LTD.",20240340837,4.4987545
358,US-PGPUB,2024-10-10,30,METHOD AND APPARATUS FOR MANAGING SYNCHRONIZATION SOURCE COLLISIONS IN MISSION CRITICAL SERVICES,KOLATI; Naveen et al.,2024-03-21,"Samsung Electronics Co., Ltd.",20240340264,2.9572601
359,US-PGPUB,2024-10-10,40,TWT BASED MULTI-AP COOPERATION,Shafin; Rubayet et al.,2024-03-11,"Samsung Electronics Co., Ltd.",20240340881,3.0712337
360,US-PGPUB,2024-10-10,21,Conflict Avoidance for Bank-Shared Circuitry that supports Usage-Based Disturbance Mitigation,Kim; Kang-Yong et al.,2024-04-05,"Micron Technology, Inc.",20240338126,3.432515
361,US-PGPUB,2024-10-10,20,"SYSTEM AND METHOD FOR IDENTIFYING, ASSESSING, EVALUATING AND MANAGING RISKS OF SOFTWARE UPDATES",Krishnan; Gopal N.,2024-04-03,Krishnan; Gopal N.,20240338457,4.799214
362,US-PGPUB,2024-10-10,23,SYSTEMS AND METHODS FOR PACKAGE-TO-PACKAGE COMMUNICATION,Hong; Jumnit et al.,2024-04-03,"Meta Platforms Technologies, LLC",20240338267,6.4561543
363,US-PGPUB,2024-10-10,20,REAL-TIME ASSISTANCE FOR A CUSTOMER AT A POINT OF DECISION THROUGH HARDWARE AND SOFTWARE SMART INDICATORS DETERMINISTICALLY GENERATED THROUGH ARTIFICIAL INTELLIGENCE,Mico; Theodore et al.,2024-04-04,GLADLY SOFTWARE INC.,20240338710,6.4534965
364,US-PGPUB,2024-10-10,16,Efficient content extraction from unstructured dialog text,Huang; Yun et al.,2024-04-04,The Board of Trustees of the University of Illinois,20240338398,3.5813837
365,US-PGPUB,2024-10-10,21,SYSTEMS AND METHODS FOR MULTI-PARTY TRANSACTIONS,Nunally; Patrick,2024-04-04,Datum Point Labs Inc.,20240338723,3.3155022
366,US-PGPUB,2024-10-10,26,MEASUREMENT REPORTING,KOLL?R; Martin et al.,2024-04-03,Nokia Technologies Oy,20240340678,3.0769343
367,US-PGPUB,2024-10-10,22,METHOD AND APPARATUS FOR PROVISIONING OF PAYLOAD DATA STRUCTURE INFORMATION FOR EFFICIENT DATA TRANSMISSION IN LOWER LAYER,RHYU; Sungryeul et al.,2024-04-04,"Samsung Electronics Co., Ltd.",20240340696,4.417732
368,US-PGPUB,2024-10-10,17,LIGHTSPILL DISPLAY FOR PASS-THROUGH VIDEO,Pomerantz; Stuart M,2024-04-01,Apple Inc.,20240338889,4.574425
369,US-PGPUB,2024-10-10,40,METHOD AND DEVICE FOR RECEIVING AND TRANSMITTING CSI REPORT IN WIRELESS COMMUNICATION SYSTEM,CHEN; Zhe et al.,2024-04-04,"Samsung Electronics Co., Ltd.",20240340146,2.113506
370,US-PGPUB,2024-10-10,27,METHOD AND APPARATUS FOR IDENTIFYING ARTIFICIAL INTELLIGENCE AND MACHINE LEARNING FUNCTIONS/MODELS IN MOBILE COMMUNICATION SYSTEMS,PARK; Han Jun et al.,2024-04-05,Electronics and Telecommunications Research Institute,20240340679,6.018856
371,US-PGPUB,2024-10-10,36,SYSTEMS AND METHODS FOR IMAGE TO 3D GENERATION,Li; Yuanming et al.,2024-04-03,Datum Point Labs Inc.,20240338917,4.876205
372,US-PGPUB,2024-10-10,27,SYSTEMS AND METHODS FOR 3D-AWARE IMAGE GENERATION,Kwak; Jeong-gi et al.,2024-04-03,Datum Point Labs Inc.,20240338878,3.4430978
373,US-PGPUB,2024-10-10,15,DYNAMIC INTELLIGENT CYBER PLAYBOOKS,Staab; Torsten A. et al.,2024-04-05,Raytheon Company,20240340306,3.8312123
374,US-PGPUB,2024-10-10,23,APPARATUS AND METHOD FOR CELL RESELECTION IN A WIRELESS COMMUNICATION SYSTEM,FU; Yanze et al.,2024-04-08,"Samsung Electronics Co., Ltd.",20240340750,4.4107466
375,US-PGPUB,2024-10-10,52,METHOD AND DEVICE FOR RECEIVING AND TRANSMITTING INFORMATION,CHEN; Zhe et al.,2024-03-27,"Samsung Electronics Co., Ltd.",20240340055,3.7232883
376,US-PGPUB,2024-10-10,40,APPARATUS AND METHOD FOR HANDOVER IN NETWORK,SEDIN; Jonas et al.,2024-04-08,"SAMSUNG ELECTRONICS CO., LTD.",20240340755,4.1985936
377,US-PGPUB,2024-10-10,21,MANDIBULAR OR MAXILLARY DEVICES HAVING A POLYMERIC NANOCOMPOSITE ACTIVELY CONTROLLED FOR HARD PALATE OR MANDIBULAR GROWTH,GHUGE; Raghavendra Vitthalrao,2024-04-05,"Sleep Solutions of Texas, LLC",20240335260,5.350487
378,US-PGPUB,2024-10-10,95,RECOMMENDATION SYSTEM FOR UPGRADES OR SERVICES FOR A HOME TO IMPROVE A HOME SCORE,Mullins; John et al.,2024-04-10,State Farm Mutual Automobile Insurance Company,20240338735,5.3523507
379,US-PGPUB,2024-10-10,18,GENERAL PRE-TRAINED TRANSFORMER SERVICE FOR A GENERAL-PURPOSE ROBOTICS OPERATING SYSTEM,Perrone; Paul J.,2024-04-05,"Perrone Robotics, Inc.",20240338032,5.943996
380,US-PGPUB,2024-10-10,22,Data Sense Amplifier Circuit with a Hybrid Architecture,Lu; Yang et al.,2024-04-05,"Micron Technology, Inc.",20240339152,3.3211238
381,US-PGPUB,2024-10-10,18,"SEPARATOR, ELECTROCHEMICAL DEVICE, AND ELECTRONIC DEVICE",XIONG; Changchuan et al.,2024-03-29,Ningde Amperex Technology Limited,20240339728,3.4473934
382,US-PGPUB,2024-10-10,24,SINGLE PHOTON SOURCE DEVICE AND METHOD OF MANUFACTURING THE SAME,LEE; Donghan et al.,2024-03-25,Bright Quantum Inc.,20240337895,3.633321
383,US-PGPUB,2024-10-10,58,METHOD AND APPARATUS FOR PROVIDING L1/L2 SIGNALING FOR ACTIVATION/DEACTIVATION OF CELL DTX/DRX IN WIRELESS COMMUNICATION SYSTEM,BAEK; Sangkyu et al.,2024-04-01,"Samsung Electronics Co., Ltd.",20240341003,3.862195
384,US-PGPUB,2024-10-10,52,"MONITORING TERMINAL, TERMINAL MANAGEMENT SYSTEM, TERMINAL MANAGEMENT METHOD, AND PROGRAM",GOBARA; Naoki,2024-04-09,SEIKO EPSON CORPORATION,20240338644,5.280928
385,US-PGPUB,2024-10-10,97,INFORMATION SYSTEM FOR PRODUCTS TO IMPROVE A HOME SCORE,Cardona; Alexander et al.,2024-04-10,STATE FARM MUTUAL AUTOMOBILE INSURANCE COMPANY,20240338749,4.785728
386,US-PGPUB,2024-10-10,81,Ecosystem for Initiating an Action Following Occurrence of an Event,Hurliman; John et al.,2024-04-10,STATE FARM MUTUAL AUTOMOBILE INSURANCE COMPANY,20240338777,5.794028
387,US-PGPUB,2024-10-10,16,"POSITIVE ELECTRODE PLATE, ELECTROCHEMICAL APPARATUS, AND ELECTRONIC APPARATUS",LIN; Xiaoping,2024-04-05,Ningde Amperex Technology Limited,20240339613,3.3179991
388,US-PGPUB,2024-10-10,15,MANYCORE SYSTEM FOR PERFORMING EXECUTION OF MULTI-THREADS IN ASYNCHRONOUS MANNER,KIM; Ju Hyun et al.,2024-04-04,"MetisX CO., Ltd.",20240338216,3.794152
389,US-PGPUB,2024-10-10,21,LOSS-RESILIENT REAL-TIME VIDEO STREAMING,Jiang; Junchen et al.,2024-04-04,The University of Chicago,20240340329,5.8320255
390,US-PGPUB,2024-10-10,13,BUNDLED MEDIA FILES,Jain; Chirag Ramanlal et al.,2024-04-05,"Meta Platforms, Inc.",20240340469,4.782607
391,US-PGPUB,2024-10-10,11,FUNCTIONALIZED CYCLIC ETHERS FOR LITHIUM-ION BATTERIES,Torres; Gabriel et al.,2024-04-02,"NOHMS Technologies, Inc.",20240339662,5.2207336
392,US-PGPUB,2024-10-10,25,IMAGE DATA ENABLED ACCESS CONTROL SYSTEMS AND METHODS,KINWAR; JISHNU et al.,2024-04-05,THE CHAMBERLAIN GROUP LLC,20240338985,4.426026
393,US-PGPUB,2024-10-10,70,MANAGEMENT PROCESS FOR INSULIN THERAPY USING REINFORCEMENT LEARNING AND THERAPY ESCALATION PATHWAYS,"OLSON, II; Byron Paul et al.",2024-04-08,Abbott Diabetes Care Inc.,20240339190,1.6209898
394,US-PGPUB,2024-10-10,30,SWITCHING CELL RESELECTION PARAMETERS,SHARMA; Prashant et al.,2024-04-02,QUALCOMM Incorporated,20240340783,3.8870447
395,US-PGPUB,2024-10-10,110,"SYSTEMS, METHODS, AND APPARATUS TO IMPLEMENT PATIENT DATABASE TO RECRUIT FOR CLINICAL STUDIES",Hompesch; Marcus et al.,2024-04-29,"ProSciento, Inc.",20240339180,4.5314612
396,US-PGPUB,2024-10-10,12,METHOD FOR MANUFACTURING FOAMED MICROCELLULAR SILICONE RESIN CURED PRODUCT USING SUPERCRITICAL FLUID AND FOAMED MICROCELLULAR SILICONE RESIN CURED PRODUCT MANUFACTURED THEREBY,YOUN; Ki Young et al.,2024-04-04,MEGEN LIMITED,20240336758,3.9215198
397,US-PGPUB,2024-10-10,53,POWER CONTROL ENHANCEMENT FOR SOUNDING REFERENCE SIGNAL TRANSMISSIONS,HUANG; Yi et al.,2024-03-18,QUALCOMM Incorporated,20240340137,3.2128484
398,US-PGPUB,2024-10-10,15,METHOD AND APPARATUS FOR SUPPORTING MAXIMUM GROUP DATA RATE,MOON; Sangjun,2024-04-04,"SAMSUNG ELECTRONICS CO., LTD.",20240340688,4.819168
399,US-PGPUB,2024-10-10,15,COMPUTE-IN-MEMORY CIRCUIT AND CONTROL METHOD THEREOF,WANG; Zongwei et al.,2024-04-08,Peking University,20240339138,5.4820037
400,US-PGPUB,2024-10-10,101,COMPOSITIONS AND METHODS FOR THE INDUCTION AND TUNING OF GENE EXPRESSION,Perez-Pinera; Pablo et al.,2024-01-17,Duke University,20240336892,4.9438367
401,US-PGPUB,2024-10-10,31,TECHNIQUE FOR IMAGE-TO-IMAGE TASK NEURAL NETWORK PRETRAINING,Neumann; Dominik et al.,2024-03-28,Siemens Healthineers AG,20240339199,5.1089067
402,US-PGPUB,2024-10-10,28,HYDRO-ELECTROLYSIS THERMAL ELECTRICITY GENERATION SYSTEM AND METHOD,Wilson; Charles Robert,2024-04-05,Wilson; Charles Robert,20240339951,4.002681
403,US-PGPUB,2024-10-10,22,MEDICAL DEVICE HAVING A POLYMERIC NANOCOMPOSITE ACTIVELY CONTROLLED FOR RAPID HEALING OF FRACTURES AND SOFT TISSUE INJURY,GHUGE; Raghavendra Vitthalrao,2024-04-05,"Sleep Solutions of Texas, LLC",20240335583,5.069765
404,US-PGPUB,2024-10-10,22,METHOD AND UE FOR MANAGING SATELLITE COVERAGE AVAILABILITY INFORMATION IN TELECOMMUNICATION NETWORK,KUMAR; Lalith et al.,2024-04-05,"SAMSUNG ELECTRONICS CO., LTD.",20240340777,4.4240623
405,US-PGPUB,2024-10-10,110,MODULAR SUPPORT TO PROVIDE A PATIENT JOURNEY FOR CLINICAL STUDIES,Hompesch; Marcus et al.,2024-04-29,"ProSciento, Inc.",20240339182,4.7431793
406,US-PGPUB,2024-10-10,13,SECONDARY BATTERY AND ELECTRONIC APPARATUS,WANG; Weidong,2024-04-05,Ningde Amperex Technology Limited,20240339617,5.405125
407,US-PGPUB,2024-10-10,20,Bone Implant Shell With Multiple Fixation Options,Haggerty; Zz et al.,2024-04-05,Howmedica Osteonics Corp.,20240335291,3.9029388
408,US-PGPUB,2024-10-10,11,SYSTEMS AND METHODS FOR MOBILE SPEECH HEARING OPTIMIZATION,Banks; Russell et al.,2024-04-05,"Linus Health, Inc.",20240335141,5.064384
409,US-PGPUB,2024-10-10,19,PAN-TILT CAMERA EQUIPMENT,Zhang; Yiyin et al.,2024-04-05,"Shenzhen Oceanwing Smart Innovations Technology Co., Ltd",20240337906,3.5986195
410,US-PGPUB,2024-10-10,25,Methods of Treating Graft Versus Host Disease,Clarke; William R. et al.,2024-04-05,"The Medical College of Wisconsin, Inc.",20240335545,3.1872573
411,US-PGPUB,2024-10-10,16,"SYSTEMS, METHODS, AND APPARATUSES FOR ACCRUING AND REUSING KNOWLEDGE (ARK) FOR SUPERIOR AND ROBUST PERFORMANCE BY A TRAINED AI MODEL FOR USE WITH MEDICAL IMAGE CLASSIFICATION",Ma; DongAo et al.,2024-04-05,Arizona Board of Regents on behalf of Arizona State University,20240339200,5.946054
412,US-PGPUB,2024-10-10,29,"SYSTEMS, METHODS, AND APPARATUS FOR COMPUTATIONAL DEVICE COMMUNICATION USING A COHERENT INTERFACE",CHOI; Changho et al.,2024-04-04,"Samsung Electronics Co., Ltd.",20240338315,2.9759839
413,US-PGPUB,2024-10-10,18,SYSTEM AND METHODS FOR PERSONALIZED NON-ENZYME SIGNAL COMPENSATION,AN; Qi et al.,2024-04-05,"Dexcom, Inc.",20240335168,3.3206956
414,US-PGPUB,2024-10-10,81,Ecosystem for Prediction and/or Prevention of Loss,Hurliman; John et al.,2024-04-10,STATE FARM MUTUAL AUTOMOBILE INSURANCE COMPANY,20240338776,5.7852015
415,US-PGPUB,2024-10-10,12,APPARATUS AND METHOD FOR DATA CLUSTERING,LEE; CHANGHEE,2024-04-09,CHUNG ANG University industry Academic Cooperation Foundation,20240338388,6.5112214
416,US-PGPUB,2024-10-10,28,SYSTEMS AND METHODS FOR TESTING OF MEDICAL DEVICES,Ruiter; Karl A. et al.,2024-04-08,"PRONK TECHNOLOGIES, INC.",20240339209,4.501665
417,US-PGPUB,2024-10-10,51,COLLATING AND PRESENTING COMMUNICATIONS BASED ON ONE OR MORE CHARACTERISTICS,Solovay; Michael Alan,2024-03-20,Solovay; Michael Alan,20240340261,4.368341
418,US-PGPUB,2024-10-10,96,HOME SCORE MARKETPLACE,Mullins; John et al.,2024-04-10,STATE FARM MUTUAL AUTOMOBILE INSURANCE COMPANY,20240338775,5.311952
419,US-PGPUB,2024-10-10,21,POLYMER COMPOSITIONS WITH ANTIMICROBIAL NANOPARTICLES AND METHODS OF MANUFACTURE,NIEDERMEYER; William H.,2024-04-09,"EVOQ NANO, INC.",20240336755,3.454166
420,US-PGPUB,2024-10-10,38,SYSTEMS AND METHODS FOR AUTOMATIC CONDITION DETERMINATION FOR CLAIM ADJUDICATION,Haws; Andrew,2024-04-01,Synchrony Bank,20240338773,6.3731713
421,US-PGPUB,2024-10-10,109,RECOMMENDATION SYSTEM TO PURCHASE A NEW DEVICE TO IMPROVE A HOME SCORE,Mullins; John et al.,2024-04-10,STATE FARM MUTUAL AUTOMOBILE INSURANCE COMPANY,20240338747,4.6583166
422,US-PGPUB,2024-10-10,17,SCENT BULLET FISHING TACKLE SCENT AND BAIT RELEASE SYSTEM,Akopov; Michael et al.,2024-04-05,"Akopov; Michael,Akopov; Faith",20240334918,6.017845
423,US-PGPUB,2024-10-10,27,"LIGHT-EMITTING DEVICE HAVING CONTROL CONNECTION BETWEEN GATE OF DRIVE TRANSISTOR AND POWER SUPPLY, PHOTOELECTRIC CONVERSION DEVICE, ELECTRONIC APPARATUS, LIGHTING DEVICE AND MOVING BODY",SASAGO; TOMOYA et al.,2024-04-09,CANON KABUSHIKI KAISHA,20240339079,3.351363
424,US-PGPUB,2024-10-10,109,MACHINE VISION AND/OR COMPUTER VISION SYSTEM TO PURCHASE A NEW DEVICE TO IMPROVE A HOME SCORE,Gibson; Sharon et al.,2024-04-10,STATE FARM MUTUAL AUTOMOBILE INSURANCE COMPANY,20240338748,4.6820498
425,US-PGPUB,2024-10-10,15,DATA PROCESSING SYSTEM FOR CONVERTING MERIDIAN PARAMETERS INTO BIOMEDICAL DATA,HU; Hsiang-Wei et al.,2024-04-09,"HU; Hsiang-Wei,LEE; Rong-Shean",20240339222,6.040257
426,US-PGPUB,2024-10-10,79,RECOMMENDATION SYSTEM TO REPLACE OR REPAIR AN EXISTING DEVICE TO IMPROVE A HOME SCORE,Starr; Amy L. et al.,2024-04-10,STATE FARM MUTUAL AUTOMOBILE INSURANCE COMPANY,20240338664,5.3522735
427,US-PGPUB,2024-10-10,29,METHOD AND SYSTEM FOR CONFIGURING MEASUREMENT GAPS IN WIRELESS NETWORK,ABRAHAM; Aby Kanneath et al.,2024-04-02,"Samsung Electronics Co., Ltd.",20240340676,4.1985936
428,US-PGPUB,2024-10-10,27,Artificial Satellite System and Method for Measuring Distance Between Artificial Satellites,KIMURA; Hisatoshi et al.,2024-03-05,"Hitachi, Ltd.",20240340078,6.6094117
429,US-PGPUB,2024-10-10,38,MEASURING AND ADJUSTING PRESSURE OF SUPPORT CUSHIONS,Balz; Timothy et al.,2024-04-10,"Kalogon, Inc.",20240335340,3.7255695
430,US-PGPUB,2024-10-10,27,SYSTEMS AND METHODS FOR MULTIPLE-OBJECT TRACKING,Patsekin; Aleksandr et al.,2024-04-03,Palantir Technologies Inc.,20240338830,5.293371
431,US-PGPUB,2024-10-10,89,MICRORNA-REGULATED BIOMARKERS AND DRUG TARGETS FOR IMPROVING DIAGNOSIS AND TREATMENT OF LUNG OR BREAST CANCER,Guo; Nancy Lan,2024-04-08,West Virginia University Board of Governors on behalf of West Virginia University,20240336977,3.4441147
432,US-PGPUB,2024-10-10,44,Wearable Device For Adjusting Haptic Responses Based On A Fit Characteristic,Rathod; Sudhanshu,2024-02-26,"Meta Platforms Technologies, LLC",20240338081,6.570737
433,US-PGPUB,2024-10-10,44,ELECTRONIC DEVICE INCLUDING MAGNET ASSEMBLY,PARK; Junghyung et al.,2024-05-02,"Samsung Electronics Co., Ltd.",20240340364,2.86525
434,US-PGPUB,2024-10-10,11,PULMONARY LUNG DISEASE DIAGNOSTICS SYSTEM COMPRISED OF DEEP LEARNING ALGORITHMS AND NETWORK INTERFACE,Zhang; Pinzhi et al.,2024-04-02,Georgia Tech Research Corporation,20240335134,5.488747
435,US-PGPUB,2024-10-10,98,Compounds and Methods for Reducing DMPK Expression,Rigo; Frank et al.,2023-10-13,"Ionis Pharmaceuticals, Inc.",20240335556,5.648076
436,US-PGPUB,2024-10-10,19,ADAPTING A LANGUAGE MODEL FOR MULTIMODAL MULTI-TASK LEARNING,SIKKA; Karan et al.,2024-03-28,SRI International,20240338599,3.5147045
437,US-PGPUB,2024-10-10,46,"VEHICLE DRIVING ASSIST DEVICE, VEHICLE DRIVING ASSIST METHOD, AND NON-TRANSITORY STORAGE MEDIUM",HAMADA; Kentaro et al.,2024-04-02,TOYOTA JIDOSHA KABUSHIKI KAISHA,20240336299,2.760843
438,US-PGPUB,2024-10-10,18,IMAGE CAPTURE APPARATUS AND CONTROL METHOD,HARADA; OSAMU,2024-04-02,CANON KABUSHIKI KAISHA,20240338172,3.528244
439,US-PGPUB,2024-10-10,30,SYSTEM AND METHOD FOR AUTOMATICALLY GENERATING AND PRESENTING INSIGHT DATA IN FORM OF NATURAL LANGUAGE,Talluri; Venkataravikishore et al.,2024-04-04,"Walmart Apollo, LLC",20240338600,3.1728826
440,US-PGPUB,2024-10-10,79,Semi-Solid Electrolyte Systems for High-Voltage Aqueous Zinc-Ion Batteries,Xiong; Guoping et al.,2024-04-10,"Board of Regents, The University of Texas System",20240339671,2.3271985
441,US-PGPUB,2024-10-10,38,MAPPING RESTING-STATE EEG ONTO MOTOR IMAGERY EEG SIGNALS VIA DATA CLUSTERING FOR REDUCED CLASSIFIER TRAINING REQUIREMENTS,Naser; Mohammad Yousef Mousa et al.,2024-04-08,"Kennesaw State University Research And Service Foundation, Inc.",20240335311,4.2128863
442,US-PGPUB,2024-10-10,66,C3B INACTIVATING POLYPEPTIDE,CLARK; Simon et al.,2024-02-09,Complement Therapeutics Limited,20240336675,3.7509043
443,US-PGPUB,2024-10-10,41,METHOD AND APPARATUS FOR MEASURING CHANNEL TO REDUCE WIRELESS POWER,Park; kyujin,2024-04-04,KT CORPORATION,20240340058,4.126251
444,US-PGPUB,2024-10-10,26,TEMPORARY TATTOOING APPARATUS,Hollowell; SueAnn,2024-04-04,Hollowell; SueAnn,20240340384,4.196818
445,US-PGPUB,2024-10-10,39,SYSTEMS AND METHODS FOR COLLUSION DETECTION,LYONS; Martin S. et al.,2024-05-07,"LNW Gaming, Inc.",20240339000,2.3319645
446,US-PGPUB,2024-10-10,50,SYSTEMS AND METHODS FOR LINKING DEVICES AND PROTECTING DATA,Bhatia; Niraj et al.,2024-04-05,ON THE WAY LLC,20240338480,2.4426103
447,US-PGPUB,2024-10-10,123,AMPLIFICATION OF FORMAL METHOD AND FUZZ TESTING TO ENABLE SCALABLE ASSURANCE FOR COMMUNICATION SYSTEM,Wang; Ying et al.,2024-04-05,The Trustees of The Stevens Institute of Technology,20240338458,2.321957
448,US-PGPUB,2024-10-10,36,Security Screening Device And Systems And Methods Of Using The Same,Horton; Rodney Paul,2024-04-05,"Cardiac Innovation, LLC",20240338986,3.2290204
449,US-PGPUB,2024-10-10,27,DISPLACEMENT DEVICES,HU; Yisheng et al.,2024-04-10,SOUTHWEST PETROLEUM UNIVERSITY,20240337579,2.8874526
450,US-PGPUB,2024-10-10,150,RESIST COMPOSITION AND PATTERN FORMING PROCESS,Hatakeyama; Jun et al.,2023-10-17,"Shin-Etsu Chemical Co., Ltd.",20240337938,3.0739462
451,US-PGPUB,2024-10-10,101,HEAT AND MOISTURE EXCHANGER FOR WITH PATIENT INTERFACE,BENCKE; James McKensey et al.,2024-05-21,RESMED PTY LTD,20240335633,1.9288177
452,US-PGPUB,2024-10-10,26,System and method for using tokens to track and distribute assets,Kumar; Ashish,2024-04-03,Kumar; Ashish,20240338679,3.5247657
453,US-PGPUB,2024-10-10,24,METHODS AND KITS FOR DETECTING CANNABINOIDS,Vemulakonda; Venkata Raghavendra Sai et al.,2024-04-10,"Ricovr Healthcare Inc.,Indian Institute of Technology Madras (IIT Madras)",20240337651,4.0799656
454,US-PGPUB,2024-10-10,123,AMPLIFICATION OF FORMAL METHOD AND FUZZ TESTING TO ENABLE SCALABLE ASSURANCE FOR COMMUNICATION SYSTEM,Wang; Ying et al.,2024-04-05,The Trustees of The Stevens Institute of Technology,20240340302,2.3400326
455,US-PGPUB,2024-10-10,22,METHOD AND DEVICE USED FOR WIRELESS COMMUNICATION,YANG; Lin et al.,2024-04-02,"YANG; Lin,ZHANG; Xiaobo",20240340138,5.2105513
456,US-PGPUB,2024-10-10,25,DESIGN OF PHOTONIC SUPER-GATES,Marquez; Bicky A. et al.,2024-02-08,Milkshake Technology Inc.,20240337829,5.5162
457,US-PGPUB,2024-10-10,22,SCALING ECOMMERCE WITH SHORT-FORM VIDEO,Chen; Jing Xian et al.,2024-04-09,"Loop Now Technologies, Inc.",20240338739,5.4709687
458,US-PGPUB,2024-10-10,109,"SYSTEMS, METHODS, AND APPARATUS TO BUILD A PATIENT JOURNEY FOR CLINICAL STUDIES",Hompesch; Marcus et al.,2024-04-29,"ProSciento, Inc.",20240339181,4.922707
459,US-PGPUB,2024-10-10,109,"SYSTEMS, METHODS, AND APPARATUS TO PROVIDE A CLINICAL STUDY PORTAL",Hompesch; Marcus et al.,2024-04-29,"ProSciento, Inc.",20240339183,4.5854506
460,US-PGPUB,2024-10-10,109,"SYSTEMS, METHODS, AND APPARATUS TO PROVIDE LONGITUDINAL PATIENT DATA",Hompesch; Marcus et al.,2024-04-29,"ProSciento, Inc.",20240339184,4.512275
461,US-PGPUB,2024-10-10,29,HEATER ASSEMBLY AND AEROSOL GENERATING DEVICE INCLUDING THE SAME,LEE; Jong Sub et al.,2024-04-03,KT&amp;G CORPORATION,20240334977,2.881972
462,US-PGPUB,2024-10-10,62,ACRYLAMIDE DERIVATIVES USEFUL AS ANTI-INFLAMMATORY AGENTS,FYFE; Matthew Colin Thor et al.,2022-06-22,Sitryx Therapeutics Limited,20240335451,1.7719419
463,US-PGPUB,2024-10-10,71,"METHOD EXECUTED BY USER EQUIPMENT, METHOD EXECUTED BY NETWORK NODE, AND STORAGE MEDIUM",LIU; Dan et al.,2024-05-16,"Samsung Electronics Co., Ltd.",20240340667,2.0159304
464,US-PGPUB,2024-10-10,83,TURBINE POWERED BY EXHAUST FAN,FARB; Mark Daniel,2024-05-21,"FLOWER TURBINES, INC.",20240337237,5.965096
465,US-PGPUB,2024-10-10,48,MOTION VECTOR PREDICTION-BASED IMAGE/VIDEO CODING METHOD AND DEVICE,Jang; Hyeongmoon et al.,2024-06-06,LG ELECTRONICS INC.,20240340437,2.3163304
466,US-PGPUB,2024-10-10,19,NATURAL LANGUAGE INTERFACE FOR MONITORING OF MANUFACTURING PROCESSES,DEMAAGD; Kurtis Alan et al.,2024-04-04,"Sight Machine, Inc.",20240338529,6.1216617
467,US-PGPUB,2024-10-10,14,Electrolyte for Lithium Secondary Battery and Lithium Secondary Battery Including the Same,Oh; Sung Yon et al.,2024-06-10,"SK On Co., Ltd.",20240339664,4.662847
468,US-PGPUB,2024-10-10,11,METHOD AND SYSTEM FOR PROVIDING ASSISTANCE TO A USER OF A MACHINE,MANDRELLI; Luca,2024-04-05,SCM GROUP S.p.A.,20240338527,4.0961313
469,US-PGPUB,2024-10-10,122,THERAPEUTIC RNA FOR TREATING CANCER,SAHIN; Ugur et al.,2021-12-20,BioNTech SE,20240335511,3.3402114
470,US-PGPUB,2024-10-10,31,Data Fusion Technique for Predicting Soil Classification,Story; Brett et al.,2024-06-10,Southern Methodist University,20240337567,5.7113504
471,US-PGPUB,2024-10-10,350,CRISPR/CAS9-BASED COMPOSITIONS AND METHODS FOR TREATING RETINAL DEGENERATIONS,Jaskula-Ranga; Vinod et al.,2023-10-17,The Johns Hopkins University,20240336934,1.511416
472,US-PGPUB,2024-10-10,358,"ENTPD2 ANTIBODIES, COMBINATION THERAPIES, AND METHODS OF USING THE ANTIBODIES AND COMBINATION THERAPIES",DIDONATO; Michael et al.,2024-01-30,Novartis AG,20240336701,2.0865228
473,US-PGPUB,2024-10-10,298,COMBINATION HMPV/RSV RNA VACCINES,Ciaramella; Giuseppe et al.,2023-12-04,"ModernaTX, Inc.",20240335526,2.6737592
474,US-PGPUB,2024-10-10,53,OPERATION METHOD RELATED TO HANDOVER IN SIDELINK RELAY IN WIRELESS COMMUNICATION SYSTEM,BACK; Seoyoung et al.,2022-07-15,LG Electronics Inc.,20240340731,3.569897
475,US-PGPUB,2024-10-10,43,METHOD AND APPARATUS FOR PARTIAL SENSING BASED ON SL HARQ FEEDBACK IN NR V2X,KO; Woosuk et al.,2022-07-01,LG ELECTRONICS INC.,20240340922,2.4653814
476,US-PGPUB,2024-10-10,91,SYNTHESIS OF MODIFIED OLIGONUCLEOTIDES WITH INCREASED STABILITY,Khvorova; Anastasia et al.,2024-01-19,UNIVERSITY OF MASSACHUSETTS,20240336916,3.4679
477,US-PGPUB,2024-10-10,79,BISPECIFIC ANTIBODIES AND USES THEREOF,Liu; Yue et al.,2024-06-14,AB STUDIO INC.,20240336702,3.078763
478,US-PGPUB,2024-10-10,54,METHODS AND DEVICES FOR DETECTING SARS-COV-2,ORTAC; Inanc,2024-06-11,"Sarmal, Inc.",20240336964,4.2837696
479,US-PGPUB,2024-10-10,41,GEO REDUNDANCY AWARE NETWORK SLICE MANAGEMENT FUNCTION (NSMF) IN A WIRELESS NETWORK SYSTEM,CHANDRASEKARAN; Ganesh et al.,2024-06-05,"Samsung Electronics Co., Ltd.",20240340226,2.8945684
480,US-PGPUB,2024-10-10,199,DERIVATIVES OF SUBSTITUTED MORPHOLINES AND USES THEREOF,Padia; Janak Khimchand et al.,2024-03-26,"Supernus Pharmaceuticals, Inc.",20240336581,1.5162005
481,US-PGPUB,2024-10-10,115,ORGANIC LIGHT-EMITTING DEVICE,NISHIDE; YOSUKE et al.,2024-05-07,CANON KABUSHIKI KAISHA,20240341164,2.9782324
482,US-PGPUB,2024-10-10,74,ANTIBODIES TO CD40,BARNHART; Bryan C. et al.,2024-04-19,BRISTOL-MYERS SQUIBB COMPANY,20240336695,2.7887483
483,US-PGPUB,2024-10-10,11,"FORMATION OF N-PROTECTED 3,6-BIS-(4-AMINOBUTYL)-2,5-DIKETOPIPERAZINE THROUGH A CYCLIC ALPHA-N-PROTECTED AMINO ESTER INTERMEDIATE",FREEMAN; JOHN J. et al.,2024-06-14,MannKind Corporation,20240336576,4.0961313
484,US-PGPUB,2024-10-10,47,METHOD FOR PROVIDING COATING SYSTEMS WITH CORROSION-PROTECTIVE PROPERTIES,LEIZA; Jos? Ram?n et al.,2024-06-13,"The University of the Basque Country/Institute,Fundaci?n Cidetec",20240336784,4.5403337
485,US-PGPUB,2024-10-10,83,GREEN SUN-SHADED CHARGING STATIONS,FARB; Mark Daniel,2024-05-21,"FLOWER TURBINES, INC.",20240339952,5.9454174
486,US-PGPUB,2024-10-10,17,MANAGEMENT OF STREAMING VIDEO DATA,Paradise; Andrew,2024-06-13,Skillz Platform Inc.,20240335739,4.733719
487,US-PGPUB,2024-10-10,18,SYSTEMS AND METHODS FOR MAPPING A TERM TO A VECTOR REPRESENTATION IN A SEMANTIC SPACE,Barve; Rakesh et al.,2024-06-14,"nference, Inc.",20240338375,3.4527087
488,US-PGPUB,2024-10-10,34,METHOD AND APPARATUS FOR PROVIDING USER INTERFACE FOR VIDEO RETRIEVAL,Lee; Seung Joon et al.,2024-06-12,"Twelve Labs, Inc.",20240338409,4.030757
489,US-PGPUB,2024-10-10,161,METHODS OF USING CHIMERIC ANTIGEN RECEPTORS TARGETING B-CELL MATURATION ANTIGEN AND USES THEREOF,Brentjens; Renier J. et al.,2024-06-20,"MEMORIAL SLOAN KETTERING CANCER CENTER,EUREKA THERAPEUTICS, INC.",20240335475,2.3206933
490,US-PGPUB,2024-10-10,14,SMALLPOX VACCINE FOR CANCER TREATMENT,SZALAY; Aladar et al.,2024-06-14,"CALIDI BIOTHERAPEUTICS (NEVADA), INC.",20240335530,5.477896
491,US-PGPUB,2024-10-10,55,DYNAMIC MODIFICATION OF DIGITAL REDEMPTION TRANSACTIONS,Saunkeah; Gabriel et al.,2024-04-02,"Loop Commerce, Inc.",20240338727,5.1472287
492,US-PGPUB,2024-10-10,194,METHODS FOR SIMULTANEOUS AMPLIFICATION OF TARGET LOCI,Rabinowitz; Matthew et al.,2024-06-21,"Natera, Inc.",20240336970,1.3128068
493,US-PGPUB,2024-10-10,32,COMPUTER VISION AND ARTIFICIAL INTELLIGENCE APPLICATIONS FOR PERFORMANCE EVALUATION AND/OR SKILLS DEVELOPMENT,Young; Todd et al.,2023-11-02,"Ballogy, Inc.",20240335725,5.305628
494,US-PGPUB,2024-10-10,48,METHOD OF RENDERING USING A DISPLAY DEVICE,Miller; Samuel A. et al.,2024-06-14,"Magic Leap, Inc.",20240338909,3.7431953
495,US-PGPUB,2024-10-10,23,METHOD OF EVALUATING AN ORTHODONTIC APPLIANCE,SALAH; Philippe et al.,2022-08-05,DENTAL MONITORING,20240335256,3.1999357
496,US-PGPUB,2024-10-10,34,Reconstructing a Dataset After Detection of a Network Security Threat in a Network,Patel; Prina Rajendra Kumar et al.,2024-06-17,Vocalink international Limited,20240340293,3.8954382
497,US-PGPUB,2024-10-10,83,SURGICAL ROBOT SYSTEMS COMPRISING ROBOTIC TELEMANIPULATORS AND INTEGRATED LAPAROSCOPY,CHASSOT; Julien et al.,2024-06-14,Distalmotion SA,20240335246,2.4770777
498,US-PGPUB,2024-10-10,20,OUTDOOR MUSHROOM INSTRUMENTS,Rannells; Joshua et al.,2024-06-17,"PlayCore Wisconsin, Inc.",20240339093,4.015556
1000,US-PGPUB,2024-10-10,15,POLARIZATION INTELLIGENT SENSING SYSTEM AND POLARIZATION INTELLIGENT SENSING METHOD,YAO; DONG et al.,2024-06-21,"Changchun Institute Of Optics, Fine Mechanics And Physics, Chinese Academy Of Sciences",20240337535,6.289148